Date,TMIN (¡C),TMAX (¡C),Ave Wind Speed,PRCP (mm),SNOW (mm)
2014-01-01T00:00:00,-4.3,0.6,2.5,0,0
2014-01-02T00:00:00,-7.7,0.6,5.5,8.4,7.9
2014-01-03T00:00:00,-12.7,-7.7,4.7,7.4,8.4
2014-01-04T00:00:00,-13.2,-1.6,2.2,0,0
2014-01-05T00:00:00,-2.7,4.4,1.7,3.6,0
2014-01-06T00:00:00,-7.1,12.8,3.8,9.1,0
2014-01-07T00:00:00,-15.5,-7.1,5.9,0,0
2014-01-08T00:00:00,-12.7,-5.5,3.2,0,0
2014-01-09T00:00:00,-5.5,0,1.3,0,0
2014-01-10T00:00:00,-1,2.8,1.5,2.8,0
2014-01-11T00:00:00,2.8,14.4,3.2,12.7,0
2014-01-12T00:00:00,3.3,12.2,3.7,1.3,0
2014-01-13T00:00:00,2.8,10.6,2.3,0,0
2014-01-14T00:00:00,6.7,11.1,2.2,9.7,0
2014-01-15T00:00:00,3.9,8.3,1.3,0,0
2014-01-16T00:00:00,2.2,5.6,1.8,0,0
2014-01-17T00:00:00,0.6,6.7,1.6,0,0
2014-01-18T00:00:00,-1.6,5,3.2,1.8,0
2014-01-19T00:00:00,-4.3,3.3,3.3,0,0
2014-01-20T00:00:00,-0.5,7.8,3.3,0,0
2014-01-21T00:00:00,-11.6,-0.5,4.7,11.7,27.9
2014-01-22T00:00:00,-14.9,-8.2,3.9,0.5,1.3
2014-01-23T00:00:00,-13.8,-6.6,3.2,0,0
2014-01-24T00:00:00,-12.1,-6.6,3.6,0,0
2014-01-25T00:00:00,-7.1,-2.1,3.4,1,2.5
2014-01-26T00:00:00,-8.2,1.1,0,0,0
2014-01-27T00:00:00,-6,6.7,3.5,0,0
2014-01-28T00:00:00,-11,-6,2.7,0,0
2014-01-29T00:00:00,-9.9,-4.9,2.9,1,2
2014-01-30T00:00:00,-8.8,-1,1.7,0,0
2014-01-31T00:00:00,-3.8,3.9,2.2,0,0
2014-02-01T00:00:00,2.2,7.2,1.6,0,0
2014-02-02T00:00:00,3.9,13.3,1.4,0,0
2014-02-03T00:00:00,-2.7,6.1,3,29.7,20.3
2014-02-04T00:00:00,-5.5,1.7,1,0,0
2014-02-05T00:00:00,-1.6,1.1,3.2,36.3,10.2
2014-02-06T00:00:00,-6,0,1.8,0,0
2014-02-07T00:00:00,-4.3,0,3,0,0
2014-02-08T00:00:00,-6,-1.6,2.2,0,0
2014-02-09T00:00:00,-6,-0.5,1.6,2.5,3
2014-02-10T00:00:00,-6,-1.6,3.2,0,0
2014-02-11T00:00:00,-8.8,-3.2,2.4,0,0
2014-02-12T00:00:00,-10.5,-3.8,2.6,0,0
2014-02-13T00:00:00,-4.3,2.2,5.6,45.2,24.1
2014-02-14T00:00:00,-0.5,4.4,4.7,7.6,7.6
2014-02-15T00:00:00,-2.7,2.8,4.2,3.3,4.1
2014-02-16T00:00:00,-6,-1,4,0,0
2014-02-17T00:00:00,-7.7,0,2.4,0,0
2014-02-18T00:00:00,-3.2,3.9,2.3,4.1,3.8
2014-02-19T00:00:00,1.1,7.2,2.3,6.6,0
2014-02-20T00:00:00,2.8,10.6,2.2,0.8,0
2014-02-21T00:00:00,2.2,9.4,3.3,2.3,0
2014-02-22T00:00:00,4.4,12.2,3.2,0,0
2014-02-23T00:00:00,6.1,12.2,2.4,0,0
2014-02-24T00:00:00,-2.7,6.7,4.2,0,0
2014-02-25T00:00:00,-4.3,0.6,3.1,0,0
2014-02-26T00:00:00,-6.6,-0.5,2.4,0.8,0.5
2014-02-27T00:00:00,-9.9,1.1,3.8,0,0
2014-02-28T00:00:00,-12.7,-4.3,2.1,0,0
2014-03-01T00:00:00,-6.6,2.8,2,0,0
2014-03-02T00:00:00,0,4.4,1.7,0,0
2014-03-03T00:00:00,-8.2,0,3,1,0.3
2014-03-04T00:00:00,-10.5,-1.6,2.1,0,0
2014-03-05T00:00:00,-3.2,3.9,2.3,0,0
2014-03-06T00:00:00,-8.8,-0.5,3.8,0,0
2014-03-07T00:00:00,-3.2,2.8,3.5,0,0
2014-03-08T00:00:00,1.7,13.9,2.6,0,0
2014-03-09T00:00:00,2.2,6.7,2.8,0,0
2014-03-10T00:00:00,2.2,10.6,2.4,0,0
2014-03-11T00:00:00,7.2,18.9,2.1,0,0
2014-03-12T00:00:00,0,13.3,2.4,8.9,0
2014-03-13T00:00:00,-7.7,0,6.3,0,0
2014-03-14T00:00:00,-5.5,7.8,2.5,0,0
2014-03-15T00:00:00,5.6,14.4,4,0,0
2014-03-16T00:00:00,-1,5.6,3.4,0,0
2014-03-17T00:00:00,-4.9,1.7,3.6,0,0
2014-03-18T00:00:00,-2.1,6.1,3.1,0,0
2014-03-19T00:00:00,0,7.8,3.2,23.4,0
2014-03-20T00:00:00,4.4,12.2,3.6,0,0
2014-03-21T00:00:00,3.9,10.6,3.4,0,0
2014-03-22T00:00:00,5,17.2,3.1,0,0
2014-03-23T00:00:00,-2.7,5.6,3.3,0,0
2014-03-24T00:00:00,-6,1.7,3,0,0
2014-03-25T00:00:00,-3.2,3.9,2.6,0,0
2014-03-26T00:00:00,-4.3,2.2,5.3,0,0
2014-03-27T00:00:00,-5.5,6.7,3,0,0
2014-03-28T00:00:00,2.8,16.7,2.4,1,0
2014-03-29T00:00:00,6.1,15,4.8,46,0
2014-03-30T00:00:00,3.9,9.4,4.5,8.9,0
2014-03-31T00:00:00,2.2,13.3,3.7,4.1,0
2014-04-01T00:00:00,3.9,15.6,2.1,0,0
2014-04-02T00:00:00,5.6,12.2,0.9,0,0
2014-04-03T00:00:00,7.8,19.4,1.7,1.8,0
2014-04-04T00:00:00,4.4,8.3,3.8,5.3,0
2014-04-05T00:00:00,4.4,12.2,3.8,0,0
2014-04-06T00:00:00,2.2,16.1,1.9,0,0
2014-04-07T00:00:00,6.1,11.7,2.7,13.2,0
2014-04-08T00:00:00,7.8,17.8,3.1,8.6,0
2014-04-09T00:00:00,7.2,16.1,3.1,0,0
2014-04-10T00:00:00,5.6,14.4,3.1,0,0
2014-04-11T00:00:00,13.3,23.9,2.6,0,0
2014-04-12T00:00:00,10,22.8,1.9,0,0
2014-04-13T00:00:00,12.2,25,2.6,0,0
2014-04-14T00:00:00,15,23.9,3.3,0,0
2014-04-15T00:00:00,0.6,17.2,3.9,18,0
2014-04-16T00:00:00,-0.5,9.4,3.4,1.3,0
2014-04-17T00:00:00,2.2,8.9,3.5,0,0
2014-04-18T00:00:00,1.7,9.4,2.4,0,0
2014-04-19T00:00:00,5,20,2.5,0,0
2014-04-20T00:00:00,7.2,15.6,2.8,0,0
2014-04-21T00:00:00,5,19.4,1.9,0,0
2014-04-22T00:00:00,10.6,21.7,2.5,0.3,0
2014-04-23T00:00:00,6.7,16.1,4.2,0,0
2014-04-24T00:00:00,5.6,16.7,3.8,0,0
2014-04-25T00:00:00,6.7,17.2,2.2,0.5,0
2014-04-26T00:00:00,7.8,19.4,2.4,23.4,0
2014-04-27T00:00:00,8.3,15,2.6,0,0
2014-04-28T00:00:00,7.2,19.4,1.9,0,0
2014-04-29T00:00:00,6.1,11.1,4,0.8,0
2014-04-30T00:00:00,5,11.1,3.7,126.2,0
2014-05-01T00:00:00,10.6,25.6,2,3,0
2014-05-02T00:00:00,13.3,21.1,2,0,0
2014-05-03T00:00:00,12.2,21.7,1.5,2,0
2014-05-04T00:00:00,12.2,18.3,3.7,0.5,0
2014-05-05T00:00:00,10,21.1,3.3,0,0
2014-05-06T00:00:00,11.1,21.7,1.7,0,0
2014-05-07T00:00:00,10,20.6,1.8,0,0
2014-05-08T00:00:00,11.7,15,2,10.4,0
2014-05-09T00:00:00,12.8,17.2,1.4,1,0
2014-05-10T00:00:00,13.9,28.3,2,9.4,0
2014-05-11T00:00:00,15.6,27.8,1.4,0.8,0
2014-05-12T00:00:00,17.8,29.4,0.8,0,0
2014-05-13T00:00:00,11.7,22.8,3.2,0,0
2014-05-14T00:00:00,11.1,21.7,2.1,0.3,0
2014-05-15T00:00:00,14.4,21.7,2.4,3.8,0
2014-05-16T00:00:00,14.4,20,2.9,39.1,0
2014-05-17T00:00:00,11.7,21.1,2.2,0,0
2014-05-18T00:00:00,10.6,19.4,2.6,0,0
2014-05-19T00:00:00,9.4,22.2,2.1,0,0
2014-05-20T00:00:00,11.7,25.6,1.4,0,0
2014-05-21T00:00:00,17.2,23.3,1.1,0,0
2014-05-22T00:00:00,15,19.4,1.4,6.1,0
2014-05-23T00:00:00,13.3,21.7,1.9,23.1,0
2014-05-24T00:00:00,13.9,21.1,1.6,10.2,0
2014-05-25T00:00:00,12.8,26.7,0.9,0,0
2014-05-26T00:00:00,18.9,30,2.2,0,0
2014-05-27T00:00:00,17.8,30,1.9,0,0
2014-05-28T00:00:00,12.2,17.8,3.4,0,0
2014-05-29T00:00:00,10.6,18.9,1.9,0,0
2014-05-30T00:00:00,12.8,23.9,1.1,0,0
2014-05-31T00:00:00,13.9,22.8,2.6,1.3,0
2014-06-01T00:00:00,12.8,25,1.6,0,0
2014-06-02T00:00:00,15,26.7,2,0,0
2014-06-03T00:00:00,18.3,30.6,1.8,3,0
2014-06-04T00:00:00,17.2,27.8,1.6,0,0
2014-06-05T00:00:00,16.1,24.4,2.5,22.1,0
2014-06-06T00:00:00,16.1,24.4,2,0,0
2014-06-07T00:00:00,15.6,27.8,1.3,0,0
2014-06-08T00:00:00,18.9,30,1.3,0,0
2014-06-09T00:00:00,17.2,22.8,1.9,40.6,0
2014-06-10T00:00:00,18.3,25,1.5,0,0
2014-06-11T00:00:00,16.1,21.1,3.2,0.5,0
2014-06-12T00:00:00,15.6,22.8,2.5,1.8,0
2014-06-13T00:00:00,18.3,26.1,1.6,32.5,0
2014-06-14T00:00:00,15.6,23.3,2.1,0,0
2014-06-15T00:00:00,15,26.7,1.9,0,0
2014-06-16T00:00:00,17.2,27.2,1.3,0,0
2014-06-17T00:00:00,21.7,31.7,1.8,0,0
2014-06-18T00:00:00,24.4,31.7,2.6,0,0
2014-06-19T00:00:00,20,25,1.7,3.8,0
2014-06-20T00:00:00,17.8,26.1,2,0,0
2014-06-21T00:00:00,16.7,25.6,2.2,0,0
2014-06-22T00:00:00,17.8,26.1,0.9,0,0
2014-06-23T00:00:00,18.3,27.2,1.2,0,0
2014-06-24T00:00:00,20,27.2,2.2,0,0
2014-06-25T00:00:00,21.1,29.4,2.2,2,0
2014-06-26T00:00:00,21.1,29.4,2.1,1.8,0
2014-06-27T00:00:00,19.4,28.3,1.3,0,0
2014-06-28T00:00:00,18.9,30.6,1.3,0,0
2014-06-29T00:00:00,20,28.3,1.2,0,0
2014-06-30T00:00:00,20.6,28.9,1.2,0,0
2014-07-01T00:00:00,22.2,31.7,2.3,0,0
2014-07-02T00:00:00,22.2,32.8,1.7,24.4,0
2014-07-03T00:00:00,20.6,30.6,1.3,45.2,0
2014-07-04T00:00:00,18.3,23.3,2.4,3.6,0
2014-07-05T00:00:00,17.2,27.2,3,0,0
2014-07-06T00:00:00,18.9,28.9,2.2,0,0
2014-07-07T00:00:00,22.2,32.2,2.6,1,0
2014-07-08T00:00:00,21.7,32.8,2.1,9.9,0
2014-07-09T00:00:00,21.7,31.1,1.9,2.3,0
2014-07-10T00:00:00,22.2,28.3,1.3,0,0
2014-07-11T00:00:00,21.7,30,1.8,0,0
2014-07-12T00:00:00,21.7,29.4,1.5,0,0
2014-07-13T00:00:00,22.2,28.3,2.3,0.8,0
2014-07-14T00:00:00,22.2,28.9,2,11.7,0
2014-07-15T00:00:00,22.2,30,1.2,33,0
2014-07-16T00:00:00,20,27.2,1.7,0,0
2014-07-17T00:00:00,19.4,27.2,1.8,0,0
2014-07-18T00:00:00,17.8,27.2,1.8,0,0
2014-07-19T00:00:00,20,24.4,2.3,0,0
2014-07-20T00:00:00,18.9,26.7,1.8,0,0
2014-07-21T00:00:00,19.4,29.4,0.9,0,0
2014-07-22T00:00:00,21.7,30,1.7,0,0
2014-07-23T00:00:00,22.2,31.1,2.2,4.8,0
2014-07-24T00:00:00,21.1,26.7,2.2,0,0
2014-07-25T00:00:00,18.9,27.8,1.9,0,0
2014-07-26T00:00:00,20.6,27.2,1.9,0,0
2014-07-27T00:00:00,21.7,29.4,1.5,0.5,0
2014-07-28T00:00:00,20,27.8,3.3,4.8,0
2014-07-29T00:00:00,17.8,24.4,2.2,0,0
2014-07-30T00:00:00,17.2,26.7,1.3,0,0
2014-07-31T00:00:00,20,27.8,1.5,0,0
2014-08-01T00:00:00,21.7,28.9,1.7,0,0
2014-08-02T00:00:00,17.2,23.3,2.7,10.4,0
2014-08-03T00:00:00,18.9,24.4,1,1.8,0
2014-08-04T00:00:00,21.1,28.9,1.5,0,0
2014-08-05T00:00:00,21.7,32.2,1.1,0,0
2014-08-06T00:00:00,21.1,28.3,1.3,0,0
2014-08-07T00:00:00,18.9,28.3,1.9,0,0
2014-08-08T00:00:00,18.3,28.3,1.4,0,0
2014-08-09T00:00:00,18.9,30.6,1.3,0,0
2014-08-10T00:00:00,20,31.1,1.3,0,0
2014-08-11T00:00:00,21.7,30.6,1.4,0,0
2014-08-12T00:00:00,21.1,26.1,2.6,4.8,0
2014-08-13T00:00:00,20,27.8,2.5,13.5,0
2014-08-14T00:00:00,17.2,25,2.1,0,0
2014-08-15T00:00:00,16.1,22.8,2.4,0,0
2014-08-16T00:00:00,17.2,25.6,1.8,0,0
2014-08-17T00:00:00,18.9,27.8,1.6,0.3,0
2014-08-18T00:00:00,17.2,27.2,2,0,0
2014-08-19T00:00:00,17.2,28.3,1.7,0,0
2014-08-20T00:00:00,21.1,28.9,1,0,0
2014-08-21T00:00:00,18.3,28.3,1.6,8.9,0
2014-08-22T00:00:00,18.3,26.1,2.1,1.5,0
2014-08-23T00:00:00,19.4,25,2.1,0.3,0
2014-08-24T00:00:00,17.8,26.7,1.4,0,0
2014-08-25T00:00:00,17.8,31.1,1.2,0,0
2014-08-26T00:00:00,21.1,31.7,1,0,0
2014-08-27T00:00:00,21.1,32.2,1.5,0,0
2014-08-28T00:00:00,18.9,27.8,2.4,0,0
2014-08-29T00:00:00,16.1,26.7,1.5,0,0
2014-08-30T00:00:00,18.3,26.7,1,0,0
2014-08-31T00:00:00,22.8,32.2,1.5,15.7,0
2014-09-01T00:00:00,23.9,31.1,1.3,0,0
2014-09-02T00:00:00,25,33.3,2.4,0,0
2014-09-03T00:00:00,22.2,30,1.5,0,0
2014-09-04T00:00:00,20.6,30.6,1.2,0,0
2014-09-05T00:00:00,22.2,30.6,1.3,0,0
2014-09-06T00:00:00,19.4,32.8,2.1,2.8,0
2014-09-07T00:00:00,18.3,27.2,2.1,0,0
2014-09-08T00:00:00,18.3,23.9,3.4,0,0
2014-09-09T00:00:00,17.2,22.8,3.5,0,0
2014-09-10T00:00:00,17.2,26.7,2.6,0,0
2014-09-11T00:00:00,20.6,28.3,2.1,0,0
2014-09-12T00:00:00,16.7,25.6,2.3,0,0
2014-09-13T00:00:00,14.4,20.6,2.3,6.6,0
2014-09-14T00:00:00,11.7,21.7,1.4,0,0
2014-09-15T00:00:00,12.8,21.7,1.3,0,0
2014-09-16T00:00:00,14.4,21.1,1,9.4,0
2014-09-17T00:00:00,12.8,22.8,1.2,0,0
2014-09-18T00:00:00,13.9,24.4,1.2,0,0
2014-09-19T00:00:00,12.2,18.9,3.4,0,0
2014-09-20T00:00:00,13.9,23.9,1.3,0,0
2014-09-21T00:00:00,19.4,23.9,0.7,3.8,0
2014-09-22T00:00:00,12.8,21.7,3,0,0
2014-09-23T00:00:00,11.1,21.7,0.8,0,0
2014-09-24T00:00:00,14.4,21.7,2.5,0,0
2014-09-25T00:00:00,13.9,17.8,3.7,8.1,0
2014-09-26T00:00:00,14.4,25,1.9,0,0
2014-09-27T00:00:00,15.6,28.3,1.1,0,0
2014-09-28T00:00:00,17.8,28.9,0.8,0,0
2014-09-29T00:00:00,19.4,26.1,0.3,0,0
2014-09-30T00:00:00,16.7,21.7,2.1,0,0
2014-10-01T00:00:00,16.1,18.3,2.7,0.5,0
2014-10-02T00:00:00,16.1,21.1,2.1,0,0
2014-10-03T00:00:00,13.3,21.7,1.9,0,0
2014-10-04T00:00:00,11.1,20.6,3,30,0
2014-10-05T00:00:00,7.8,16.1,2.5,0,0
2014-10-06T00:00:00,10,20.6,1.7,0,0
2014-10-07T00:00:00,17.2,21.7,2.1,1.5,0
2014-10-08T00:00:00,16.7,22.8,3.2,1,0
2014-10-09T00:00:00,12.8,20,2.5,0,0
2014-10-10T00:00:00,11.1,17.8,1,0,0
2014-10-11T00:00:00,10,15.6,2,8.4,0
2014-10-12T00:00:00,8.9,17.2,1.2,0,0
2014-10-13T00:00:00,11.1,18.3,1.2,1.3,0
2014-10-14T00:00:00,17.2,24.4,2.1,0,0
2014-10-15T00:00:00,20.6,25,2.3,17.5,0
2014-10-16T00:00:00,16.1,21.7,1.8,28.2,0
2014-10-17T00:00:00,15,21.7,2,0,0
2014-10-18T00:00:00,13.3,21.1,2.8,0,0
2014-10-19T00:00:00,6.7,13.3,3.4,0,0
2014-10-20T00:00:00,5.6,15.6,1.7,0,0
2014-10-21T00:00:00,12.8,19.4,1.6,2.8,0
2014-10-22T00:00:00,10,14.4,4.2,38.4,0
2014-10-23T00:00:00,10,11.7,3.4,15.5,0
2014-10-24T00:00:00,10.6,17.2,2,0,0
2014-10-25T00:00:00,10,19.4,2.6,0.3,0
2014-10-26T00:00:00,11.7,17.2,3.5,0,0
2014-10-27T00:00:00,8.9,17.2,2.3,0,0
2014-10-28T00:00:00,11.7,22.2,1.3,0,0
2014-10-29T00:00:00,10.6,22.2,2.2,0,0
2014-10-30T00:00:00,8.3,15,1.6,0,0
2014-10-31T00:00:00,7.2,12.8,2.9,1.3,0
2014-11-01T00:00:00,5.6,8.3,4,8.9,0
2014-11-02T00:00:00,5,8.9,4.8,0,0
2014-11-03T00:00:00,3.9,16.1,2.6,0,0
2014-11-04T00:00:00,11.7,20,2.1,0,0
2014-11-05T00:00:00,13.3,17.8,2,0,0
2014-11-06T00:00:00,8.9,13.9,1.4,9.4,0
2014-11-07T00:00:00,4.4,11.7,3.3,0,0
2014-11-08T00:00:00,2.2,8.9,2.7,0,0
2014-11-09T00:00:00,7.8,13.9,1.2,0,0
2014-11-10T00:00:00,6.7,16.1,1.1,0,0
2014-11-11T00:00:00,9.4,17.8,1.5,0,0
2014-11-12T00:00:00,8.3,18.3,1.2,0,0
2014-11-13T00:00:00,2.2,8.9,1.6,5.1,0
2014-11-14T00:00:00,1.7,5.6,3.2,1.5,0
2014-11-15T00:00:00,0.6,5.6,1.6,0,0
2014-11-16T00:00:00,1.7,7.2,1.7,0.8,0
2014-11-17T00:00:00,4.4,11.1,1.7,39.1,0
2014-11-18T00:00:00,-4.3,7.2,4.5,0,0
2014-11-19T00:00:00,-5.5,2.2,3.2,0,0
2014-11-20T00:00:00,-0.5,7.2,3.2,0,0
2014-11-21T00:00:00,-2.1,2.8,3.4,0,0
2014-11-22T00:00:00,-2.1,6.7,2.2,0,0
2014-11-23T00:00:00,6.1,13.9,1.7,0,0
2014-11-24T00:00:00,11.7,20.6,2.4,17.8,0
2014-11-25T00:00:00,10.6,20,2.3,0,0
2014-11-26T00:00:00,1.1,10.6,3.9,31.5,0.5
2014-11-27T00:00:00,1.1,3.3,2.3,0.5,0
2014-11-28T00:00:00,-1.6,2.8,2.6,0,0
2014-11-29T00:00:00,-2.7,7.2,1.6,0,0
2014-11-30T00:00:00,7.2,12.8,1.9,0,0
2014-12-01T00:00:00,5.6,18.3,3,2.3,0
2014-12-02T00:00:00,1.7,6.1,4.1,2,0
2014-12-03T00:00:00,5,7.8,3.4,1.5,0
2014-12-04T00:00:00,2.8,7.2,2.6,0,0
2014-12-05T00:00:00,1.1,6.7,2.7,13,0
2014-12-06T00:00:00,3.9,10,1.8,31,0
2014-12-07T00:00:00,-1,5.6,5.3,1,0
2014-12-08T00:00:00,-4.3,2.8,5.1,0,0
2014-12-09T00:00:00,2.2,5.6,4.6,64.5,0
2014-12-10T00:00:00,0,4.4,3.7,2,2.5
2014-12-11T00:00:00,-0.5,3.3,3.4,0.3,0
2014-12-12T00:00:00,0,3.3,3.6,0,0
2014-12-13T00:00:00,1.1,6.7,4,0,0
2014-12-14T00:00:00,3.3,7.8,2.7,0,0
2014-12-15T00:00:00,2.8,8.9,1.2,0,0
2014-12-16T00:00:00,3.3,9.4,1.7,5.1,0
2014-12-17T00:00:00,5.6,12.2,2.6,0.5,0
2014-12-18T00:00:00,2.8,5.6,3.9,0,0
2014-12-19T00:00:00,-0.5,3.3,3.2,0,0
2014-12-20T00:00:00,-1,0.6,2.2,0,0
2014-12-21T00:00:00,-0.5,2.2,2.2,0,0
2014-12-22T00:00:00,1.7,6.7,2.7,1,0
2014-12-23T00:00:00,6.1,7.8,3.7,4.1,0
2014-12-24T00:00:00,6.7,14.4,2.6,20.3,0
2014-12-25T00:00:00,6.7,16.7,4.3,2.3,0
2014-12-26T00:00:00,4.4,10,2.6,0,0
2014-12-27T00:00:00,6.7,12.8,2,0,0
2014-12-28T00:00:00,6.1,12.2,2.6,2.5,0
2014-12-29T00:00:00,1.1,6.7,2.3,0,0
2014-12-30T00:00:00,-2.1,1.1,1.9,0,0
2014-12-31T00:00:00,-2.7,0,2.5,0,0
2015-01-01T00:00:00,-2.7,3.9,3.2,0,0
2015-01-02T00:00:00,1.7,5.6,3.2,0,0
2015-01-03T00:00:00,0.6,5.6,2.9,18,0
2015-01-04T00:00:00,5,13.3,2.9,7.6,0
2015-01-05T00:00:00,-6,9.4,4.7,0,0
2015-01-06T00:00:00,-7.1,-5.5,1.8,1.3,2.5
2015-01-07T00:00:00,-12.7,-4.9,5.7,0,0
2015-01-08T00:00:00,-13.2,-6,3.9,0,0
2015-01-09T00:00:00,-7.1,0.6,3.9,1.8,3.8
2015-01-10T00:00:00,-8.8,-4.9,3.6,0,0
2015-01-11T00:00:00,-7.7,2.8,2.7,0,0
2015-01-12T00:00:00,1.7,3.9,1.7,9.1,0
2015-01-13T00:00:00,-8.2,2.2,3.8,0,0
2015-01-14T00:00:00,-8.8,0,2.8,0,0
2015-01-15T00:00:00,-3.8,1.7,2.1,0,0
2015-01-16T00:00:00,-6.6,6.1,4.4,0,0
2015-01-17T00:00:00,-8.2,0,2.7,0,0
2015-01-18T00:00:00,-0.5,5.6,1.7,53.3,0
2015-01-19T00:00:00,2.2,5.6,3.4,0,0
2015-01-20T00:00:00,0,4.4,2.6,0,0
2015-01-21T00:00:00,-3.8,2.2,1.9,0,0
2015-01-22T00:00:00,-0.5,4.4,2.5,0,0
2015-01-23T00:00:00,-2.1,3.9,2.5,0,0
2015-01-24T00:00:00,0.6,3.9,2.7,18.3,9.1
2015-01-25T00:00:00,-0.5,5.6,2.8,0,0
2015-01-26T00:00:00,-5.5,-0.5,5.7,12.2,14
2015-01-27T00:00:00,-6.6,-1,3.7,9.1,10.9
2015-01-28T00:00:00,-8.8,1.1,3.4,0,0
2015-01-29T00:00:00,-7.1,2.2,1.7,0.5,0
2015-01-30T00:00:00,-7.1,3.3,4.7,1.5,2.5
2015-01-31T00:00:00,-10.5,-3.2,5.5,0,0
2015-02-01T00:00:00,-6.6,2.2,1.7,0.8,0.8
2015-02-02T00:00:00,-9.9,1.1,4.4,25.9,12.7
2015-02-03T00:00:00,-10.5,-3.2,3.2,0,0
2015-02-04T00:00:00,-4.3,6.1,1.9,0,0
2015-02-05T00:00:00,-9.9,5.6,3.8,0,0
2015-02-06T00:00:00,-11,-2.7,3.2,0,0
2015-02-07T00:00:00,-3.8,4.4,1.7,0.5,0
2015-02-08T00:00:00,-1.6,2.8,3.8,0,0
2015-02-09T00:00:00,-3.8,-1.6,4.9,2.3,0
2015-02-10T00:00:00,-3.2,4.4,4.7,0.3,0.3
2015-02-11T00:00:00,-5.5,1.1,2.9,0,0
2015-02-12T00:00:00,-8.8,4.4,3.3,0,0
2015-02-13T00:00:00,-13.2,-6,4.1,0,0
2015-02-14T00:00:00,-8.8,0,2.4,0.5,2.3
2015-02-15T00:00:00,-15.5,-3.8,6.5,0,0
2015-02-16T00:00:00,-16,-6,3.1,0,0
2015-02-17T00:00:00,-9.9,-2.7,2.1,3.6,8.4
2015-02-18T00:00:00,-7.1,0.6,1.9,0,0
2015-02-19T00:00:00,-13.2,-2.7,5.1,0,0
2015-02-20T00:00:00,-16.6,-7.1,4.6,0,0
2015-02-21T00:00:00,-10.5,0,2,15.5,7.6
2015-02-22T00:00:00,0,6.1,1.3,2.5,2.5
2015-02-23T00:00:00,-13.2,3.3,5,0,0
2015-02-24T00:00:00,-15.5,-4.3,2.6,0,0
2015-02-25T00:00:00,-6.6,2.8,2.9,0,0
2015-02-26T00:00:00,-6,0,3.2,0,0
2015-02-27T00:00:00,-7.7,-1,2.7,0,0
2015-02-28T00:00:00,-10.5,-1.6,1.6,0,0
2015-03-01T00:00:00,-4.3,-0.5,1,13.2,12.2
2015-03-02T00:00:00,-2.7,3.9,3.6,0,0
2015-03-03T00:00:00,-5.5,2.8,2.2,17,4.6
2015-03-04T00:00:00,1.7,7.2,2.7,6.4,0
2015-03-05T00:00:00,-7.1,4.4,2.6,19.3,19.1
2015-03-06T00:00:00,-11,-2.7,2.8,0,0
2015-03-07T00:00:00,-7.7,3.3,2.3,0,0
2015-03-08T00:00:00,2.8,9.4,2.3,0,0
2015-03-09T00:00:00,4.4,12.2,2.1,0.3,0
2015-03-10T00:00:00,3.9,11.7,1.6,11.7,0
2015-03-11T00:00:00,6.7,15,3.1,0.3,0
2015-03-12T00:00:00,2.2,8.3,3.7,0,0
2015-03-13T00:00:00,-0.5,6.1,2.9,0,0
2015-03-14T00:00:00,4.4,10.6,2.5,20.6,0
2015-03-15T00:00:00,2.2,6.7,5.1,0,0
2015-03-16T00:00:00,1.7,11.1,1.7,0,0
2015-03-17T00:00:00,1.1,13.9,4.3,0.5,0
2015-03-18T00:00:00,-1.6,3.9,4.3,0,0
2015-03-19T00:00:00,-1.6,6.1,2.6,0,0
2015-03-20T00:00:00,-1.6,3.3,3.5,10.2,11.4
2015-03-21T00:00:00,-1.6,8.3,2.4,0,0
2015-03-22T00:00:00,-2.1,6.1,3.4,0,0
2015-03-23T00:00:00,-4.9,3.3,3,0,0
2015-03-24T00:00:00,-3.2,7.2,1.8,0,0
2015-03-25T00:00:00,1.1,9.4,2,1.3,0
2015-03-26T00:00:00,5.6,16.7,1.3,8.1,0
2015-03-27T00:00:00,3.9,7.8,1.9,6.9,0
2015-03-28T00:00:00,-3.2,4.4,3.4,0,0
2015-03-29T00:00:00,-3.8,7.8,2.8,0,0
2015-03-30T00:00:00,2.2,12.2,3.5,0,0
2015-03-31T00:00:00,1.7,8.3,2.4,4.3,0
2015-04-01T00:00:00,0,10.6,2.3,0,0
2015-04-02T00:00:00,5,19.4,2.8,0,0
2015-04-03T00:00:00,15,17.8,3,1,0
2015-04-04T00:00:00,5.6,15.6,4.5,0.3,0
2015-04-05T00:00:00,5.6,16.1,2.2,0,0
2015-04-06T00:00:00,5.6,17.2,1.9,0,0
2015-04-07T00:00:00,5.6,16.7,3.1,3.8,0
2015-04-08T00:00:00,2.8,7.2,5.1,0,0
2015-04-09T00:00:00,2.8,6.1,4,0,0
2015-04-10T00:00:00,3.9,13.3,2.1,4.3,0
2015-04-11T00:00:00,6.7,13.9,3.9,0,0
2015-04-12T00:00:00,6.1,18.9,1.5,0,0
2015-04-13T00:00:00,10,20,2.1,0,0
2015-04-14T00:00:00,12.8,18.3,1.7,0.3,0
2015-04-15T00:00:00,10.6,22.2,2.8,0,0
2015-04-16T00:00:00,11.1,17.8,2.9,0,0
2015-04-17T00:00:00,12.8,21.7,2.3,2,0
2015-04-18T00:00:00,15,26.7,1.9,0,0
2015-04-19T00:00:00,8.9,17.8,3.8,0,0
2015-04-20T00:00:00,7.8,13.9,3.3,34.8,0
2015-04-21T00:00:00,11.1,18.3,2.7,5.1,0
2015-04-22T00:00:00,8.9,20.6,2.9,1.3,0
2015-04-23T00:00:00,5,11.1,4.1,0,0
2015-04-24T00:00:00,3.9,11.1,3.8,0,0
2015-04-25T00:00:00,3.3,16.7,2.5,0,0
2015-04-26T00:00:00,7.8,17.8,2.3,0,0
2015-04-27T00:00:00,9.4,16.7,2.6,0,0
2015-04-28T00:00:00,10,21.7,3.5,0,0
2015-04-29T00:00:00,10,25.6,2.5,0,0
2015-04-30T00:00:00,8.9,19.4,3.6,0,0
2015-05-01T00:00:00,9.4,17.2,2.3,0,0
2015-05-02T00:00:00,8.9,23.3,1.3,0,0
2015-05-03T00:00:00,10.6,26.7,1.1,0,0
2015-05-04T00:00:00,13.9,29.4,2.4,0,0
2015-05-05T00:00:00,18.9,29.4,1.8,0,0
2015-05-06T00:00:00,15,22.8,2.2,0,0
2015-05-07T00:00:00,13.3,26.7,1,0,0
2015-05-08T00:00:00,13.3,27.8,1.3,0,0
2015-05-09T00:00:00,13.9,21.1,1.9,0,0
2015-05-10T00:00:00,16.1,28.3,1.6,0,0
2015-05-11T00:00:00,21.1,28.9,1.7,0,0
2015-05-12T00:00:00,17.8,30,2.4,0,0
2015-05-13T00:00:00,11.7,21.1,3.3,0,0
2015-05-14T00:00:00,10,22.8,1.7,0,0
2015-05-15T00:00:00,12.8,23.9,1.5,0,0
2015-05-16T00:00:00,13.9,23.9,0.9,7.6,0
2015-05-17T00:00:00,17.8,28.3,0.9,0.5,0
2015-05-18T00:00:00,15.6,23.9,2.1,0,0
2015-05-19T00:00:00,15,26.7,1.1,0,0
2015-05-20T00:00:00,12.2,19.4,3.1,0,0
2015-05-21T00:00:00,11.1,16.7,1.2,0,0
2015-05-22T00:00:00,12.8,23.3,2.7,0,0
2015-05-23T00:00:00,9.4,21.1,2,0,0
2015-05-24T00:00:00,13.3,27.2,1.7,0,0
2015-05-25T00:00:00,17.8,29.4,2.2,0,0
2015-05-26T00:00:00,19.4,31.1,2.3,0,0
2015-05-27T00:00:00,21.1,29.4,2.3,2,0
2015-05-28T00:00:00,21.1,29.4,1.8,0,0
2015-05-29T00:00:00,18.3,29.4,1.8,0,0
2015-05-30T00:00:00,19.4,29.4,2.5,0,0
2015-05-31T00:00:00,13.9,30.6,2.5,37.1,0
2015-06-01T00:00:00,10.6,14.4,4.6,18.3,0
2015-06-02T00:00:00,10,12.8,2.8,9.4,0
2015-06-03T00:00:00,11.1,21.1,2.1,0,0
2015-06-04T00:00:00,12.2,18.3,2.3,0,0
2015-06-05T00:00:00,12.8,21.1,1.3,3.3,0
2015-06-06T00:00:00,15.6,24.4,2.1,4.8,0
2015-06-07T00:00:00,12.8,23.3,1.7,0,0
2015-06-08T00:00:00,17.2,26.1,2.7,1.5,0
2015-06-09T00:00:00,20,28.3,2.2,0.3,0
2015-06-10T00:00:00,18.3,27.8,1.4,0,0
2015-06-11T00:00:00,22.2,31.7,2,0,0
2015-06-12T00:00:00,22.8,31.1,2,0,0
2015-06-13T00:00:00,22.2,30,2.4,0,0
2015-06-14T00:00:00,18.9,31.1,1.2,9.1,0
2015-06-15T00:00:00,17.8,28.3,2.1,14.5,0
2015-06-16T00:00:00,18.3,26.1,1,6.9,0
2015-06-17T00:00:00,18.9,27.8,1.7,0,0
2015-06-18T00:00:00,17.8,21.7,1.6,0,0
2015-06-19T00:00:00,20,30.6,1.7,0,0
2015-06-20T00:00:00,17.8,23.9,2.4,0,0
2015-06-21T00:00:00,21.7,31.1,2,16.3,0
2015-06-22T00:00:00,21.1,30.6,2.2,0,0
2015-06-23T00:00:00,23.9,32.2,2.6,0.5,0
2015-06-24T00:00:00,20,28.9,2.1,0,0
2015-06-25T00:00:00,18.3,28.3,1.4,0,0
2015-06-26T00:00:00,20.6,27.2,2,0,0
2015-06-27T00:00:00,14.4,21.7,3.3,28.4,0
2015-06-28T00:00:00,16.7,22.8,2.4,7.4,0
2015-06-29T00:00:00,17.2,24.4,2.2,0,0
2015-06-30T00:00:00,20,27.8,2.2,1,0
2015-07-01T00:00:00,20.6,27.8,1.9,9.9,0
2015-07-02T00:00:00,20.6,26.7,0.5,0,0
2015-07-03T00:00:00,18.9,27.8,1.3,0,0
2015-07-04T00:00:00,20.6,23.9,1.5,0,0
2015-07-05T00:00:00,20,28.3,0.7,0,0
2015-07-06T00:00:00,22.2,28.3,1.3,0,0
2015-07-07T00:00:00,23.9,31.1,2.2,3,0
2015-07-08T00:00:00,25,31.1,1.4,0,0
2015-07-09T00:00:00,20,26.1,2.1,7.6,0
2015-07-10T00:00:00,22.2,28.9,2.1,0,0
2015-07-11T00:00:00,20.6,31.1,1.1,0,0
2015-07-12T00:00:00,22.2,31.7,0.9,0,0
2015-07-13T00:00:00,22.8,31.1,1.2,0,0
2015-07-14T00:00:00,22.8,27.8,1.2,10.7,0
2015-07-15T00:00:00,22.2,27.2,2,3,0
2015-07-16T00:00:00,17.8,26.7,2.5,0,0
2015-07-17T00:00:00,19.4,27.2,1.7,0,0
2015-07-18T00:00:00,21.7,29.4,2,8.1,0
2015-07-19T00:00:00,25.6,33.9,1.4,0,0
2015-07-20T00:00:00,27.8,34.4,2,0,0
2015-07-21T00:00:00,23.3,31.7,1.1,0,0
2015-07-22T00:00:00,20.6,29.4,2.6,0,0
2015-07-23T00:00:00,20,30,1.7,0,0
2015-07-24T00:00:00,21.1,30.6,0.9,0,0
2015-07-25T00:00:00,20.6,31.1,1.4,0,0
2015-07-26T00:00:00,23.3,32.2,2,0,0
2015-07-27T00:00:00,21.7,30,1.3,9.1,0
2015-07-28T00:00:00,23.9,35,1.2,0,0
2015-07-29T00:00:00,25.6,35.6,1.7,0,0
2015-07-30T00:00:00,24.4,30.6,1.9,49.5,0
2015-07-31T00:00:00,22.2,31.7,1.5,0,0
2015-08-01T00:00:00,23.9,31.7,2,0,0
2015-08-02T00:00:00,21.7,31.7,0.9,0,0
2015-08-03T00:00:00,23.9,32.2,2.2,0,0
2015-08-04T00:00:00,20.6,31.7,2.4,10.9,0
2015-08-05T00:00:00,22.2,30.6,1.3,0,0
2015-08-06T00:00:00,19.4,28.3,1.1,0,0
2015-08-07T00:00:00,20.6,28.9,2.4,0,0
2015-08-08T00:00:00,20,27.8,1.7,0,0
2015-08-09T00:00:00,20,29.4,1.7,0,0
2015-08-10T00:00:00,21.1,28.9,2,0,0
2015-08-11T00:00:00,21.7,27.2,1.9,29.7,0
2015-08-12T00:00:00,21.7,29.4,2.1,0,0
2015-08-13T00:00:00,19.4,28.3,1.4,0,0
2015-08-14T00:00:00,19.4,31.1,1.3,0,0
2015-08-15T00:00:00,22.8,33.3,1.5,0,0
2015-08-16T00:00:00,24.4,33.9,0.7,0,0
2015-08-17T00:00:00,25.6,35,1.5,0,0
2015-08-18T00:00:00,22.8,32.2,1.8,7.4,0
2015-08-19T00:00:00,25,30.6,1.8,0,0
2015-08-20T00:00:00,25,30,2.5,0.3,0
2015-08-21T00:00:00,21.7,30.6,1.9,8.1,0
2015-08-22T00:00:00,20.6,30,2,0,0
2015-08-23T00:00:00,21.1,29.4,1.8,0,0
2015-08-24T00:00:00,22.8,30.6,1.1,0,0
2015-08-25T00:00:00,22.8,32.2,1.7,0,0
2015-08-26T00:00:00,19.4,29.4,1.7,0,0
2015-08-27T00:00:00,19.4,27.8,1.4,0,0
2015-08-28T00:00:00,17.2,27.8,1.1,0,0
2015-08-29T00:00:00,19.4,30.6,0.9,0,0
2015-08-30T00:00:00,22.2,32.2,1.8,3.3,0
2015-08-31T00:00:00,24.4,32.8,2,0,0
2015-09-01T00:00:00,24.4,32.2,1,0,0
2015-09-02T00:00:00,23.3,32.8,0.8,0,0
2015-09-03T00:00:00,23.3,33.9,0.9,0,0
2015-09-04T00:00:00,22.2,29.4,3.1,0,0
2015-09-05T00:00:00,19.4,28.3,1.8,0,0
2015-09-06T00:00:00,18.3,30.6,0.6,0,0
2015-09-07T00:00:00,21.1,33.3,1.9,0,0
2015-09-08T00:00:00,24.4,36.1,2.2,0,0
2015-09-09T00:00:00,24.4,32.2,1.7,0,0
2015-09-10T00:00:00,21.1,26.1,2.8,40.1,0
2015-09-11T00:00:00,18.9,27.2,2.3,0,0
2015-09-12T00:00:00,20.6,26.1,1.9,7.4,0
2015-09-13T00:00:00,16.7,26.7,2.8,1,0
2015-09-14T00:00:00,15,25,2.9,0,0
2015-09-15T00:00:00,16.7,28.9,1,0,0
2015-09-16T00:00:00,18.9,31.1,0.6,0,0
2015-09-17T00:00:00,20,31.7,1,0,0
2015-09-18T00:00:00,20,30.6,0.9,0,0
2015-09-19T00:00:00,20,28.3,1.2,0,0
2015-09-20T00:00:00,17.8,26.1,3.5,0,0
2015-09-21T00:00:00,15,22.8,3.4,0,0
2015-09-22T00:00:00,16.7,21.7,3.1,0,0
2015-09-23T00:00:00,15,26.7,1.3,0,0
2015-09-24T00:00:00,15.6,27.8,1.9,0,0
2015-09-25T00:00:00,17.2,24.4,2.8,0,0
2015-09-26T00:00:00,16.1,22.2,2.7,0,0
2015-09-27T00:00:00,13.3,21.7,2.2,0,0
2015-09-28T00:00:00,18.3,25.6,1.5,0,0
2015-09-29T00:00:00,22.2,28.3,1.2,2.8,0
2015-09-30T00:00:00,15,26.1,3.7,32,0
2015-10-01T00:00:00,13.3,17.8,3.9,2.3,0
2015-10-02T00:00:00,8.9,13.9,5.6,27.4,0
2015-10-03T00:00:00,9.4,12.8,5.1,8.9,0
2015-10-04T00:00:00,11.7,17.2,4.8,0,0
2015-10-05T00:00:00,11.1,19.4,2.8,0,0
2015-10-06T00:00:00,11.1,22.8,0.7,0,0
2015-10-07T00:00:00,14.4,22.8,1.3,0,0
2015-10-08T00:00:00,15,22.2,1.5,0,0
2015-10-09T00:00:00,16.1,25.6,1.8,22.6,0
2015-10-10T00:00:00,10,18.3,1.1,0,0
2015-10-11T00:00:00,11.7,20.6,1.7,0,0
2015-10-12T00:00:00,13.3,25,1.7,0,0
2015-10-13T00:00:00,16.1,22.2,1.6,0.3,0
2015-10-14T00:00:00,13.9,20.6,1.7,0,0
2015-10-15T00:00:00,10.6,17.8,1.8,0,0
2015-10-16T00:00:00,11.7,17.8,2.4,0,0
2015-10-17T00:00:00,5.6,13.3,2.6,0,0
2015-10-18T00:00:00,3.3,10,2.2,0,0
2015-10-19T00:00:00,1.7,11.7,1.7,0,0
2015-10-20T00:00:00,8.9,21.1,2.7,0,0
2015-10-21T00:00:00,13.9,24.4,1,0,0
2015-10-22T00:00:00,14.4,23.9,2.1,0,0
2015-10-23T00:00:00,7.2,18.3,3,0,0
2015-10-24T00:00:00,4.4,13.9,1.8,0,0
2015-10-25T00:00:00,8.9,20,2.2,1.3,0
2015-10-26T00:00:00,7.8,14.4,1.7,0,0
2015-10-27T00:00:00,7.2,15,2,0,0
2015-10-28T00:00:00,11.7,20.6,3,35.6,0
2015-10-29T00:00:00,20.6,31.1,1.4,0,0
2015-07-26T00:00:00,23.3,32.2,2,0,0
2015-07-27T00:00:00,21.7,30,1.3,9.1,0
2015-07-28T00:00:00,23.9,35,1.2,0,0
2015-07-29T00:00:00,25.6,35.6,1.7,0,0
2015-07-30T00:00:00,24.4,30.6,1.9,49.5,0
2015-07-31T00:00:00,22.2,31.7,1.5,0,0
2015-08-01T00:00:00,23.9,31.7,2,0,0
2015-08-02T00:00:00,21.7,31.7,0.9,0,0
2015-08-03T00:00:00,23.9,32.2,2.2,0,0
2015-08-04T00:00:00,20.6,31.7,2.4,10.9,0
2015-08-05T00:00:00,22.2,30.6,1.3,0,0
2015-08-06T00:00:00,19.4,28.3,1.1,0,0
2015-08-07T00:00:00,20.6,28.9,2.4,0,0
2015-08-08T00:00:00,20,27.8,1.7,0,0
2015-08-09T00:00:00,20,29.4,1.7,0,0
2015-08-10T00:00:00,21.1,28.9,2,0,0
2015-08-11T00:00:00,21.7,27.2,1.9,29.7,0
2015-08-12T00:00:00,21.7,29.4,2.1,0,0
2015-08-13T00:00:00,19.4,28.3,1.4,0,0
2015-08-14T00:00:00,19.4,31.1,1.3,0,0
2015-08-15T00:00:00,22.8,33.3,1.5,0,0
2015-08-16T00:00:00,24.4,33.9,0.7,0,0
2015-08-17T00:00:00,25.6,35,1.5,0,0
2015-08-18T00:00:00,22.8,32.2,1.8,7.4,0
2015-08-19T00:00:00,25,30.6,1.8,0,0
2015-08-20T00:00:00,25,30,2.5,0.3,0
2015-08-21T00:00:00,21.7,30.6,1.9,8.1,0
2015-08-22T00:00:00,20.6,30,2,0,0
2015-08-23T00:00:00,21.1,29.4,1.8,0,0
2015-08-24T00:00:00,22.8,30.6,1.1,0,0
2015-08-25T00:00:00,22.8,32.2,1.7,0,0
2015-08-26T00:00:00,19.4,29.4,1.7,0,0
2015-08-27T00:00:00,19.4,27.8,1.4,0,0
2015-08-28T00:00:00,17.2,27.8,1.1,0,0
2015-08-29T00:00:00,19.4,30.6,0.9,0,0
2015-08-30T00:00:00,22.2,32.2,1.8,3.3,0
2015-08-31T00:00:00,24.4,32.8,2,0,0
2015-09-01T00:00:00,24.4,32.2,1,0,0
2015-09-02T00:00:00,23.3,32.8,0.8,0,0
2015-09-03T00:00:00,23.3,33.9,0.9,0,0
2015-09-04T00:00:00,22.2,29.4,3.1,0,0
2015-09-05T00:00:00,19.4,28.3,1.8,0,0
2015-09-06T00:00:00,18.3,30.6,0.6,0,0
2015-09-07T00:00:00,21.1,33.3,1.9,0,0
2015-09-08T00:00:00,24.4,36.1,2.2,0,0
2015-09-09T00:00:00,24.4,32.2,1.7,0,0
2015-09-10T00:00:00,21.1,26.1,2.8,40.1,0
2015-09-11T00:00:00,18.9,27.2,2.3,0,0
2015-09-12T00:00:00,20.6,26.1,1.9,7.4,0
2015-09-13T00:00:00,16.7,26.7,2.8,1,0
2015-09-14T00:00:00,15,25,2.9,0,0
2015-09-15T00:00:00,16.7,28.9,1,0,0
2015-09-16T00:00:00,18.9,31.1,0.6,0,0
2015-09-17T00:00:00,20,31.7,1,0,0
2015-09-18T00:00:00,20,30.6,0.9,0,0
2015-09-19T00:00:00,20,28.3,1.2,0,0
2015-09-20T00:00:00,17.8,26.1,3.5,0,0
2015-09-21T00:00:00,15,22.8,3.4,0,0
2015-09-22T00:00:00,16.7,21.7,3.1,0,0
2015-09-23T00:00:00,15,26.7,1.3,0,0
2015-09-24T00:00:00,15.6,27.8,1.9,0,0
2015-09-25T00:00:00,17.2,24.4,2.8,0,0
2015-09-26T00:00:00,16.1,22.2,2.7,0,0
2015-09-27T00:00:00,13.3,21.7,2.2,0,0
2015-09-28T00:00:00,18.3,25.6,1.5,0,0
2015-09-29T00:00:00,22.2,28.3,1.2,2.8,0
2015-09-30T00:00:00,15,26.1,3.7,32,0
2015-10-01T00:00:00,13.3,17.8,3.9,2.3,0
2015-10-02T00:00:00,8.9,13.9,5.6,27.4,0
2015-10-03T00:00:00,9.4,12.8,5.1,8.9,0
2015-10-04T00:00:00,11.7,17.2,4.8,0,0
2015-10-05T00:00:00,11.1,19.4,2.8,0,0
2015-10-06T00:00:00,11.1,22.8,0.7,0,0
2015-10-07T00:00:00,14.4,22.8,1.3,0,0
2015-10-08T00:00:00,15,22.2,1.5,0,0
2015-10-09T00:00:00,16.1,25.6,1.8,22.6,0
2015-10-10T00:00:00,10,18.3,1.1,0,0
2015-10-11T00:00:00,11.7,20.6,1.7,0,0
2015-10-12T00:00:00,13.3,25,1.7,0,0
2015-10-13T00:00:00,16.1,22.2,1.6,0.3,0
2015-10-14T00:00:00,13.9,20.6,1.7,0,0
2015-10-15T00:00:00,10.6,17.8,1.8,0,0
2015-10-16T00:00:00,11.7,17.8,2.4,0,0
2015-10-17T00:00:00,5.6,13.3,2.6,0,0
2015-10-18T00:00:00,3.3,10,2.2,0,0
2015-10-19T00:00:00,1.7,11.7,1.7,0,0
2015-10-20T00:00:00,8.9,21.1,2.7,0,0
2015-10-21T00:00:00,13.9,24.4,1,0,0
2015-10-22T00:00:00,14.4,23.9,2.1,0,0
2015-10-23T00:00:00,7.2,18.3,3,0,0
2015-10-24T00:00:00,4.4,13.9,1.8,0,0
2015-10-25T00:00:00,8.9,20,2.2,1.3,0
2015-10-26T00:00:00,7.8,14.4,1.7,0,0
2015-10-27T00:00:00,7.2,15,2,0,0
2015-10-28T00:00:00,11.7,20.6,3,35.6,0
2015-10-29T00:00:00,13.9,22.8,2.9,1,0
2015-10-30T00:00:00,8.9,16.1,2.6,0,0
2015-10-31T00:00:00,5.6,13.3,1.3,0,0
2015-11-01T00:00:00,12.2,18.3,2.2,0,0
2015-11-02T00:00:00,12.2,17.2,0.9,0,0
2015-11-03T00:00:00,8.9,22.2,1.1,0,0
2015-11-04T00:00:00,13.3,21.1,1.1,0,0
2015-11-05T00:00:00,13.3,21.7,0.9,0.3,0
2015-11-06T00:00:00,18.9,23.3,2.1,0,0
2015-11-07T00:00:00,11.7,22.2,2,0,0
2015-11-08T00:00:00,7.8,13.3,1.6,0,0
2015-11-09T00:00:00,6.1,15,0.9,0,0
2015-11-10T00:00:00,10.6,13.9,4.4,6.6,0
2015-11-11T00:00:00,9.4,14.4,2.2,10.9,0
2015-11-12T00:00:00,10.6,16.1,2.5,0.3,0
2015-11-13T00:00:00,7.8,14.4,4.8,0,0
2015-11-14T00:00:00,5.6,9.4,3.5,0,0
2015-11-15T00:00:00,3.9,14.4,2.1,0,0
2015-11-16T00:00:00,10.6,19.4,1.8,0,0
2015-11-17T00:00:00,4.4,11.1,2.8,0,0
2015-11-18T00:00:00,7.8,14.4,2.3,0,0
2015-11-19T00:00:00,13.9,17.8,2.5,31.8,0
2015-11-20T00:00:00,7.8,17.8,2.6,0,0
2015-11-21T00:00:00,5.6,11.7,2.9,0,0
2015-11-22T00:00:00,5.6,12.8,2.8,0.8,0
2015-11-23T00:00:00,0.6,6.7,2.6,0,0
2015-11-24T00:00:00,0,7.8,1.7,0,0
2015-11-25T00:00:00,2.2,10,1.2,0,0
2015-11-26T00:00:00,5,15.6,1.3,0,0
2015-11-27T00:00:00,10.6,17.8,1.7,0,0
2015-11-28T00:00:00,7.2,17.8,0,0.5,0
2015-11-29T00:00:00,3.3,9.4,0,0,0
2015-11-30T00:00:00,0.6,8.3,2.5,0,0
2015-12-01T00:00:00,6.7,10.6,3,8.4,0
2015-12-02T00:00:00,7.8,13.9,1.3,3.6,0
2015-12-03T00:00:00,6.7,12.8,3.8,0,0
2015-12-04T00:00:00,5.6,10.6,1.9,0,0
2015-12-05T00:00:00,4.4,10.6,1,0,0
2015-12-06T00:00:00,3.9,11.7,1.5,0,0
2015-12-07T00:00:00,5.6,12.2,1.7,0,0
2015-12-08T00:00:00,5,9.4,2,0,0
2015-12-09T00:00:00,4.4,12.8,1.9,0,0
2015-12-10T00:00:00,10.6,15.6,1.9,0,0
2015-12-11T00:00:00,10,16.1,2.1,0,0
2015-12-12T00:00:00,12.8,18.9,0.9,0,0
2015-12-13T00:00:00,12.8,19.4,1.5,0,0
2015-12-14T00:00:00,11.7,19.4,2.1,8.4,0
2015-12-15T00:00:00,11.7,20,4.7,2.3,0
2015-12-16T00:00:00,7.8,11.7,2.4,1,0
2015-12-17T00:00:00,10,15,2.2,30.7,0
2015-12-18T00:00:00,3.3,13.9,3,0,0
2015-12-19T00:00:00,1.7,4.4,4.2,0,0
2015-12-20T00:00:00,1.1,6.1,2.7,0,0
2015-12-21T00:00:00,3.9,13.3,3.2,0,0
2015-12-22T00:00:00,11.7,16.7,2.2,4.8,0
2015-12-23T00:00:00,11.1,17.8,1.6,39.4,0
2015-12-24T00:00:00,17.2,22.2,2,0.3,0
2015-12-25T00:00:00,13.9,18.9,0.4,0.3,0
2015-12-26T00:00:00,8.3,15,3.6,0,0
2015-12-27T00:00:00,7.8,16.1,2.6,3,0
2015-12-28T00:00:00,1.1,7.8,3.7,0.8,0
2015-12-29T00:00:00,1.1,7.8,3.1,11.4,0
2015-12-30T00:00:00,3.3,8.9,1.8,4.8,0
2015-12-31T00:00:00,5.6,8.9,2.4,0.8,0
2016-01-01T00:00:00,1.1,5.6,3.4,0,0
2016-01-02T00:00:00,0,4.4,3,0,0
2016-01-03T00:00:00,1.7,7.2,3.5,0,0
2016-01-04T00:00:00,-9.9,2.2,3.8,0,0
2016-01-05T00:00:00,-11.6,-1.6,2.3,0,0
2016-01-06T00:00:00,-3.8,5,1.6,0,0
2016-01-07T00:00:00,-0.5,7.8,1.1,0,0
2016-01-08T00:00:00,-0.5,7.8,1.9,0,0
2016-01-09T00:00:00,4.4,8.3,3.6,0,0
2016-01-10T00:00:00,4.4,15,4.4,45.7,0
2016-01-11T00:00:00,-3.2,4.4,4.7,0,0
2016-01-12T00:00:00,-3.8,6.7,2.7,0,0
2016-01-13T00:00:00,-5.5,-1,4.4,0,0
2016-01-14T00:00:00,-5.5,3.3,2.2,0,0
2016-01-15T00:00:00,1.1,10.6,2.3,0,0
2016-01-16T00:00:00,5.6,11.1,3,6.1,0
2016-01-17T00:00:00,-1,5.6,2.5,1.3,1
2016-01-18T00:00:00,-7.7,-0.5,5.3,0,0
2016-01-19T00:00:00,-8.8,-2.1,4.9,0,0
2016-01-20T00:00:00,-2.7,2.8,2.5,0,0
2016-01-21T00:00:00,-3.2,2.2,2.7,0,0
2016-01-22T00:00:00,-6,-1,2.9,0.3,0.5
2016-01-23T00:00:00,-4.3,-2.7,7,58.7,69.3
2016-01-24T00:00:00,-6.6,1.7,2.6,0,0
2016-01-25T00:00:00,-2.1,3.9,1.5,0,0
2016-01-26T00:00:00,3.3,8.9,2.9,0,0
2016-01-27T00:00:00,1.1,8.3,3,0,0
2016-01-28T00:00:00,0,5.6,2,0,0
2016-01-29T00:00:00,-1,5,3.5,0,0
2016-01-30T00:00:00,-2.1,3.9,3.1,0,0
2016-01-31T00:00:00,2.2,13.3,2.3,0,0
2016-02-01T00:00:00,6.7,15,2.6,0.3,0
2016-02-02T00:00:00,3.3,10,1.6,0,0
2016-02-03T00:00:00,5.6,15,2.9,18.5,0
2016-02-04T00:00:00,6.7,15,2.6,0,0
2016-02-05T00:00:00,-0.5,6.7,3.7,13.5,6.4
2016-02-06T00:00:00,-1,4.4,2.5,0,0
2016-02-07T00:00:00,0.6,8.3,2.4,0,0
2016-02-08T00:00:00,-2.1,3.9,4.7,1.3,0.3
2016-02-09T00:00:00,-2.7,2.2,1.8,0,0
2016-02-10T00:00:00,-0.5,3.9,2.6,0.3,0
2016-02-11T00:00:00,-7.7,-0.5,4.5,0,0
2016-02-12T00:00:00,-9.3,-2.7,3,0,0
2016-02-13T00:00:00,-14.3,-5.5,5.5,0,0
2016-02-14T00:00:00,-18.2,-9.3,2.8,0,0
2016-02-15T00:00:00,-10.5,1.7,2.4,11.2,3.6
2016-02-16T00:00:00,1.7,12.2,3.5,25.7,0
2016-02-17T00:00:00,1.7,3.9,3.3,0,0
2016-02-18T00:00:00,-2.7,2.2,3.2,0,0
2016-02-19T00:00:00,-4.3,3.9,2.4,0,0
2016-02-20T00:00:00,3.9,16.1,3.3,0,0
2016-02-21T00:00:00,6.7,12.8,2.2,0.8,0
2016-02-22T00:00:00,3.3,11.1,2.3,0,0
2016-02-23T00:00:00,1.7,4.4,6.5,7.6,0
2016-02-24T00:00:00,2.2,15.6,4.7,31,0
2016-02-25T00:00:00,2.8,16.1,4,0.5,0
2016-02-26T00:00:00,-2.7,3.9,3.9,0,0
2016-02-27T00:00:00,-3.2,5,2.7,0,0
2016-02-28T00:00:00,3.3,15.6,3.3,0,0
2016-02-29T00:00:00,8.3,16.1,3.8,1.3,0
2016-03-01T00:00:00,3.9,11.1,3.4,0,0
2016-03-02T00:00:00,-1.6,12.8,4.7,3.6,0
2016-03-03T00:00:00,-3.2,2.2,2.6,0,0
2016-03-04T00:00:00,-1,3.9,3.9,2.8,1
2016-03-05T00:00:00,-2.1,5,1.9,0,0
2016-03-06T00:00:00,0,6.7,1.5,0,0
2016-03-07T00:00:00,2.2,15.6,3.5,0,0
2016-03-08T00:00:00,8.3,19.4,1.5,0,0
2016-03-09T00:00:00,6.7,25,1,0,0
2016-03-10T00:00:00,17.2,26.1,2.2,0,0
2016-03-11T00:00:00,8.9,20,2.7,1.5,0
2016-03-12T00:00:00,4.4,15,2.3,0,0
2016-03-13T00:00:00,10,16.7,1.6,0,0
2016-03-14T00:00:00,4.4,10.6,6.3,7.4,0
2016-03-15T00:00:00,6.7,13.9,2.4,0,0
2016-03-16T00:00:00,8.9,18.3,1.6,0.5,0
2016-03-17T00:00:00,7.2,17.2,2.2,0,0
2016-03-18T00:00:00,5.6,13.9,3.9,0,0
2016-03-19T00:00:00,2.2,7.8,2.3,0,0
2016-03-20T00:00:00,0,6.1,4.3,1.8,0
2016-03-21T00:00:00,0,10,3.6,1.5,1.3
2016-03-22T00:00:00,1.7,13.3,3.1,0,0
2016-03-23T00:00:00,8.9,21.7,2.7,0,0
2016-03-24T00:00:00,6.7,12.8,4.1,0,0
2016-03-25T00:00:00,6.7,22.2,1.7,1,0
2016-03-26T00:00:00,3.3,12.8,2.9,0,0
2016-03-27T00:00:00,6.1,12.8,2.5,0,0
2016-03-28T00:00:00,5.6,16.7,4.5,9.7,0
2016-03-29T00:00:00,4.4,11.7,5.2,0,0
2016-03-30T00:00:00,2.8,13.3,2.4,0,0
2016-03-31T00:00:00,9.4,22.8,3,0,0
2016-04-01T00:00:00,16.1,26.1,3,0.5,0
2016-04-02T00:00:00,9.4,16.1,2.2,4.1,0
2016-04-03T00:00:00,1.1,10,5.7,2.3,0
2016-04-04T00:00:00,-1.6,7.2,3.2,11.9,0
2016-04-05T00:00:00,-3.2,6.1,3.7,0,0
2016-04-06T00:00:00,-1,8.9,2.7,0,0
2016-04-07T00:00:00,8.9,14.4,3.1,2.3,0
2016-04-08T00:00:00,4.4,10,3.2,0.3,0
2016-04-09T00:00:00,2.2,6.1,2.9,2.8,0
2016-04-10T00:00:00,-0.5,10,2.2,0,0
2016-04-11T00:00:00,6.1,18.3,3.1,0.3,0
2016-04-12T00:00:00,7.2,15,2.6,5.1,0
2016-04-13T00:00:00,4.4,14.4,2,0,0
2016-04-14T00:00:00,6.1,16.7,2.9,0,0
2016-04-15T00:00:00,5.6,18.3,1.7,0,0
2016-04-16T00:00:00,6.1,20,2.2,0,0
2016-04-17T00:00:00,6.7,23.9,1.3,0,0
2016-04-18T00:00:00,10.6,27.8,1.7,0,0
2016-04-19T00:00:00,12.8,22.8,3.4,0,0
2016-04-20T00:00:00,9.4,20.6,2.7,0,0
2016-04-21T00:00:00,9.4,22.8,2.5,0,0
2016-04-22T00:00:00,16.7,26.1,1.9,0,0
2016-04-23T00:00:00,12.2,21.7,3.2,4.1,0
2016-04-24T00:00:00,8.3,20,2.6,0,0
2016-04-25T00:00:00,10,20.6,1.8,0,0
2016-04-26T00:00:00,8.3,15.6,3.2,6.1,0
2016-04-27T00:00:00,7.8,16.7,1.9,0,0
2016-04-28T00:00:00,8.9,15,2.1,0,0
2016-04-29T00:00:00,7.2,14.4,2.6,1.3,0
2016-04-30T00:00:00,7.8,18.3,2.6,0,0
2016-05-01T00:00:00,7.2,10.6,2.2,4.1,0
2016-05-02T00:00:00,7.2,15.6,1,1,0
2016-05-03T00:00:00,10.6,13.3,2.7,15.5,0
2016-05-04T00:00:00,8.9,11.1,3.9,0.3,0
2016-05-05T00:00:00,7.8,13.9,3.7,0,0
2016-05-06T00:00:00,8.9,12.2,3.5,13.7,0
2016-05-07T00:00:00,8.9,15.6,2,0,0
2016-05-08T00:00:00,9.4,18.9,2.1,4.1,0
2016-05-09T00:00:00,11.1,22.2,2.3,0,0
2016-05-10T00:00:00,10,17.2,2.2,0,0
2016-05-11T00:00:00,10,24.4,1.1,0,0
2016-05-12T00:00:00,13.3,26.7,1.5,0,0
2016-05-13T00:00:00,13.9,18.3,0,6.4,0
2016-05-14T00:00:00,13.3,22.8,0,0,0
2016-05-15T00:00:00,7.8,15,0,0,0
2016-05-16T00:00:00,6.1,18.9,0,0,0
2016-05-17T00:00:00,11.1,17.8,1.7,0,0
2016-05-18T00:00:00,11.1,20,0,0,0
2016-05-19T00:00:00,12.2,22.8,0.6,0,0
2016-05-20T00:00:00,11.7,24.4,2,0,0
2016-05-21T00:00:00,12.2,18.9,1.7,1,0
2016-05-22T00:00:00,11.1,21.1,1.6,2.3,0
2016-05-23T00:00:00,13.3,25.6,1.1,0.5,0
2016-05-24T00:00:00,14.4,22.8,0.9,4.6,0
2016-05-25T00:00:00,16.1,31.1,1.9,0,0
2016-05-26T00:00:00,20.6,32.2,1.6,0,0
2016-05-27T00:00:00,22.8,30.6,1.7,0,0
2016-05-28T00:00:00,21.7,33.3,2,0,0
2016-05-29T00:00:00,21.1,30.6,2.2,0,0
2016-05-30T00:00:00,20,27.8,1.4,41.9,0
2016-05-31T00:00:00,21.7,29.4,1.4,0,0
2016-06-01T00:00:00,18.9,28.3,2.7,0,0
2016-06-02T00:00:00,16.7,25.6,2.1,0,0
2016-06-03T00:00:00,17.2,21.1,0.6,1,0
2016-06-04T00:00:00,18.9,28.3,1.1,10.2,0
2016-06-05T00:00:00,18.3,21.7,1.5,23.1,0
2016-06-06T00:00:00,18.3,28.3,2.5,0,0
2016-06-07T00:00:00,17.8,29.4,2.3,0,0
2016-06-08T00:00:00,11.1,19.4,3.4,11.4,0
2016-06-09T00:00:00,12.2,21.7,4,0,0
2016-06-10T00:00:00,13.9,25,2.4,0,0
2016-06-11T00:00:00,15,31.1,1.5,0,0
2016-06-12T00:00:00,16.7,28.3,3.6,0,0
2016-06-13T00:00:00,13.9,23.3,3.3,0,0
2016-06-14T00:00:00,14.4,26.1,1.9,0,0
2016-06-15T00:00:00,16.7,29.4,1.1,0,0
2016-06-16T00:00:00,18.3,23.3,0.8,5.6,0
2016-06-17T00:00:00,17.2,25.6,2.1,0,0
2016-06-18T00:00:00,16.1,30.6,1.2,0,0
2016-06-19T00:00:00,18.9,31.1,1.3,0,0
2016-06-20T00:00:00,17.8,28.9,1.4,0,0
2016-06-21T00:00:00,22.2,30.6,2.2,0,0
2016-06-22T00:00:00,20,30,1.8,0,0
2016-06-23T00:00:00,20.6,28.3,0.9,0,0
2016-06-24T00:00:00,19.4,28.9,2.8,0,0
2016-06-25T00:00:00,17.8,30,1.6,0,0
2016-06-26T00:00:00,19.4,30.6,1.1,0,0
2016-06-27T00:00:00,19.4,28.3,2.2,11.4,0
2016-06-28T00:00:00,20,24.4,1.6,3,0
2016-06-29T00:00:00,19.4,28.3,1,0.3,0
2016-06-30T00:00:00,19.4,29.4,1.3,0,0
2016-07-01T00:00:00,18.9,26.1,1.5,21.1,0
2016-07-02T00:00:00,17.2,24.4,2.4,0,0
2016-07-03T00:00:00,17.8,25.6,1.4,0,0
2016-07-04T00:00:00,18.9,28.9,1.4,12.4,0
2016-07-05T00:00:00,20.6,30,1.3,16.8,0
2016-07-06T00:00:00,23.9,32.8,1.1,0,0
2016-07-07T00:00:00,25,31.7,0.9,1,0
2016-07-08T00:00:00,19.4,30,2.4,2,0
2016-07-09T00:00:00,18.3,22.2,1.8,13.5,0
2016-07-10T00:00:00,18.9,26.7,1.9,0,0
2016-07-11T00:00:00,18.3,27.2,1.5,0,0
2016-07-12T00:00:00,20,27.8,1.9,0,0
2016-07-13T00:00:00,21.7,29.4,2.1,0,0
2016-07-14T00:00:00,22.8,31.1,1.3,15.7,0
2016-07-15T00:00:00,26.1,31.1,2,0,0
2016-07-16T00:00:00,23.9,32.2,1.9,0,0
2016-07-17T00:00:00,23.9,31.7,1.2,0,0
2016-07-18T00:00:00,22.2,33.9,2.6,8.9,0
2016-07-19T00:00:00,22.8,28.3,2.2,0,0
2016-07-20T00:00:00,20,29.4,1.4,0,0
2016-07-21T00:00:00,21.7,32.2,2.3,0,0
2016-07-22T00:00:00,23.3,34.4,2.9,0,0
2016-07-23T00:00:00,26.7,35.6,2.2,0,0
2016-07-24T00:00:00,23.9,34.4,1.8,0,0
2016-07-25T00:00:00,22.8,33.9,1.5,25.4,0
2016-07-26T00:00:00,22.2,31.7,1.9,0,0
2016-07-27T00:00:00,23.3,32.8,0.9,0,0
2016-07-28T00:00:00,23.9,35,1.4,0,0
2016-07-29T00:00:00,20.6,29.4,1.9,27.7,0
2016-07-30T00:00:00,22.8,28.9,1.6,6.4,0
2016-07-31T00:00:00,21.7,25.6,1.9,27.4,0
2016-08-01T00:00:00,20.6,26.7,2.2,0,0
2016-08-02T00:00:00,20,26.1,3.1,0,0
2016-08-03T00:00:00,18.9,26.7,1.3,0,0
2016-08-04T00:00:00,19.4,27.2,0.9,0,0
2016-08-05T00:00:00,20.6,28.3,1.7,0,0
2016-08-06T00:00:00,22.2,30.6,2.3,1.3,0
2016-08-07T00:00:00,21.1,30,1.8,0,0
2016-08-08T00:00:00,21.7,30,0.6,0,0
2016-08-09T00:00:00,21.7,30.6,1.2,0,0
2016-08-10T00:00:00,23.9,30,1.8,2.3,0
2016-08-11T00:00:00,23.3,32.8,2,3.8,0
2016-08-12T00:00:00,22.8,33.9,2.3,8.1,0
2016-08-13T00:00:00,27.2,35.6,1.8,0,0
2016-08-14T00:00:00,25.6,34.4,1.7,1.5,0
2016-08-15T00:00:00,25,33.3,1.3,0,0
2016-08-16T00:00:00,25.6,30.6,1.8,2.8,0
2016-08-17T00:00:00,25,29.4,2.4,0.3,0
2016-08-18T00:00:00,22.2,29.4,0.7,0.8,0
2016-08-19T00:00:00,23.3,31.1,1,0.3,0
2016-08-20T00:00:00,21.1,28.3,2.1,20.8,0
2016-08-21T00:00:00,22.8,30,1.9,7.9,0
2016-08-22T00:00:00,18.3,26.1,2.6,0,0
2016-08-23T00:00:00,16.1,27.8,0.8,0,0
2016-08-24T00:00:00,20,31.1,0,0,0
2016-08-25T00:00:00,20.6,30,0,0.3,0
2016-08-26T00:00:00,23.9,32.2,0,0,0
2016-08-27T00:00:00,22.8,31.7,1.2,0,0
2016-08-28T00:00:00,22.2,31.7,1.1,0,0
2016-08-29T00:00:00,23.3,32.8,2.4,0,0
2016-08-30T00:00:00,20.6,30,1.4,0,0
2016-08-31T00:00:00,23.3,31.7,1.5,0,0
2016-09-01T00:00:00,20.6,26.1,0.8,12.7,0
2016-09-02T00:00:00,18.9,27.2,2.7,0,0
2016-09-03T00:00:00,18.9,23.9,3,0,0
2016-09-04T00:00:00,18.3,26.7,3,0,0
2016-09-05T00:00:00,18.3,28.9,3.4,0,0
2016-09-06T00:00:00,21.7,26.7,4.3,0,0
2016-09-07T00:00:00,21.7,29.4,2.9,0,0
2016-09-08T00:00:00,21.7,31.7,1.2,0,0
2016-09-09T00:00:00,23.9,32.8,1.7,5.6,0
2016-09-10T00:00:00,23.3,32.2,1.8,0,0
2016-09-11T00:00:00,19.4,28.3,2.6,0,0
2016-09-12T00:00:00,16.7,25.6,1.9,0,0
2016-09-13T00:00:00,17.8,28.3,1.8,0,0
2016-09-14T00:00:00,19.4,32.8,2.2,14.2,0
2016-09-15T00:00:00,16.1,23.3,2.2,0,0
2016-09-16T00:00:00,16.1,22.8,1.2,0,0
2016-09-17T00:00:00,15,25,1.5,0,0
2016-09-18T00:00:00,21.1,27.8,1.6,0,0
2016-09-19T00:00:00,20.6,24.4,1.1,17.3,0
2016-09-20T00:00:00,20,27.8,1,0,0
2016-09-21T00:00:00,20,28.9,1.7,0,0
2016-09-22T00:00:00,18.3,30,1.1,0,0
2016-09-23T00:00:00,17.8,30.6,0.8,0.3,0
2016-09-24T00:00:00,14.4,21.7,2.3,5.1,0
2016-09-25T00:00:00,12.2,21.1,1.3,0,0
2016-09-26T00:00:00,12.2,23.3,2,0,0
2016-09-27T00:00:00,17.8,23.3,1.4,5.6,0
2016-09-28T00:00:00,13.3,20.6,3.6,0,0
2016-09-29T00:00:00,13.9,17.8,5,0,0
2016-09-30T00:00:00,13.3,15,4.3,10.2,0
2016-10-01T00:00:00,13.3,16.7,3.4,0,0
2016-10-02T00:00:00,13.9,17.2,1.2,0,0
2016-10-03T00:00:00,15.6,22.2,1,0,0
2016-10-04T00:00:00,15.6,20.6,3.4,0,0
2016-10-05T00:00:00,11.7,19.4,2.1,0,0
2016-10-06T00:00:00,12.8,22.8,0.9,0,0
2016-10-07T00:00:00,13.9,23.9,1.1,0,0
2016-10-08T00:00:00,14.4,20,0.9,5.8,0
2016-10-09T00:00:00,10.6,18.3,3.3,14,0
2016-10-10T00:00:00,8.3,17.8,2.1,0,0
2016-10-11T00:00:00,7.8,17.2,1.6,0,0
2016-10-12T00:00:00,11.7,18.9,0.5,0,0
2016-10-13T00:00:00,11.7,19.4,1.3,0,0
2016-10-14T00:00:00,8.3,16.7,2.1,0,0
2016-10-15T00:00:00,7.2,18.3,1.4,0,0
2016-10-16T00:00:00,11.7,20.6,1.8,0,0
2016-10-17T00:00:00,17.2,27.2,1.2,0,0
2016-10-18T00:00:00,19.4,27.2,1.8,0,0
2016-10-19T00:00:00,18.3,29.4,2,0,0
2016-10-20T00:00:00,16.7,21.1,2.8,0,0
2016-10-21T00:00:00,13.9,20.6,1,28.2,0
2016-10-22T00:00:00,8.3,13.9,4.7,7.4,0
2016-10-23T00:00:00,7.2,16.1,3.8,0,0
2016-10-24T00:00:00,8.3,16.7,2.7,0,0
2016-10-25T00:00:00,6.1,11.1,2.9,0,0
2016-10-26T00:00:00,3.3,10.6,1.8,0,0
2016-10-27T00:00:00,4.4,12.8,2.3,35.8,0
2016-10-28T00:00:00,5.6,10.6,3.7,0,0
2016-10-29T00:00:00,3.9,17.8,1.9,0,0
2016-10-30T00:00:00,12.2,24.4,1.7,14.2,0
2016-10-31T00:00:00,6.7,12.2,2.2,0,0
2016-11-01T00:00:00,4.4,14.4,1.4,0,0
2016-11-02T00:00:00,12.2,21.1,1.4,0,0
2016-11-03T00:00:00,13.9,22.2,2.3,0,0
2016-11-04T00:00:00,8.3,16.1,2.1,0,0
2016-11-05T00:00:00,6.7,16.7,1.4,0,0
2016-11-06T00:00:00,7.2,15,3.4,0,0
2016-11-07T00:00:00,5,11.7,2.4,0,0
2016-11-08T00:00:00,5,18.9,1.1,0,0
2016-11-09T00:00:00,9.4,15,1.6,1.5,0
2016-11-10T00:00:00,4.4,13.3,2.6,0,0
2016-11-11T00:00:00,5,17.2,3.7,0,0
2016-11-12T00:00:00,2.8,10,2.4,0,0
2016-11-13T00:00:00,5,16.1,2.4,0,0
2016-11-14T00:00:00,7.8,16.7,1.6,0,0
2016-11-15T00:00:00,8.3,13.3,2.5,46,0
2016-11-16T00:00:00,7.2,16.1,1.8,0,0
2016-11-17T00:00:00,9.4,16.1,1.9,0,0
2016-11-18T00:00:00,6.7,17.8,1.1,0,0
2016-11-19T00:00:00,2.8,17.2,2.2,6.4,0
2016-11-20T00:00:00,1.1,5.6,4.6,7.9,0
2016-11-21T00:00:00,2.2,5,5.9,0,0
2016-11-22T00:00:00,2.8,5,4.3,0,0
2016-11-23T00:00:00,1.7,7.2,2.2,0,0
2016-11-24T00:00:00,3.3,8.9,2,0.8,0
2016-11-25T00:00:00,7.2,12.2,0.9,0.5,0
2016-11-26T00:00:00,4.4,10,2,0,0
2016-11-27T00:00:00,3.9,10,2.1,0,0
2016-11-28T00:00:00,3.3,11.1,1.5,0,0
2016-11-29T00:00:00,10.6,15.6,2.2,55.9,0
2016-11-30T00:00:00,10,14.4,2.8,18.5,0
2016-12-01T00:00:00,5.6,12.2,3.4,1.8,0
2016-12-02T00:00:00,4.4,10.6,3.9,0,0
2016-12-03T00:00:00,5,8.3,3.9,0,0
2016-12-04T00:00:00,3.9,8.3,2.2,0,0
2016-12-05T00:00:00,3.3,9.4,2.5,4.8,0
2016-12-06T00:00:00,2.8,7.8,2.4,8.9,0
2016-12-07T00:00:00,4.4,7.8,1.7,2.3,0
2016-12-08T00:00:00,1.7,7.2,0,0,0
2016-12-09T00:00:00,-1.6,3.9,0,0,0
2016-12-10T00:00:00,-2.1,1.7,2.7,0,0
2016-12-11T00:00:00,-2.1,1.7,1.8,0.8,1
2016-12-12T00:00:00,1.1,7.8,2.8,12.7,0
2016-12-13T00:00:00,1.7,6.1,1.8,0,0
2016-12-14T00:00:00,1.1,5.6,2.5,0,0
2016-12-15T00:00:00,-7.1,1.1,4.9,0,0
2016-12-16T00:00:00,-8.2,-2.7,2.7,0,0
2016-12-17T00:00:00,-4.3,3.9,1.9,18.5,7.1
2016-12-18T00:00:00,-0.5,14.4,3.3,1,0
2016-12-19T00:00:00,-4.9,-0.5,3,0,0
2016-12-20T00:00:00,-6.6,0.6,1.4,0,0
2016-12-21T00:00:00,-1,4.4,1.3,0,0
2016-12-22T00:00:00,2.8,9.4,2.8,0,0
2016-12-23T00:00:00,3.3,8.3,2.9,0,0
2016-12-24T00:00:00,3.3,8.3,2.2,11.9,0
2016-12-25T00:00:00,2.2,10,2.8,0,0
2016-12-26T00:00:00,0.6,10,2.9,0.5,0
2016-12-27T00:00:00,4.4,15.6,3.2,0,0
2016-12-28T00:00:00,1.1,4.4,2.3,0,0
2016-12-29T00:00:00,0.6,7.8,2.4,9.9,0
2016-12-30T00:00:00,0.6,4.4,4.2,0.3,0
2016-12-31T00:00:00,-0.5,6.7,3.1,0,0
2017-01-01T00:00:00,4.4,8.9,2.5,0,0
2017-01-02T00:00:00,2.8,5,4.1,5.3,0
2017-01-03T00:00:00,3.9,6.1,4.8,14.7,0
2017-01-04T00:00:00,1.1,11.1,3.6,0,0
2017-01-05T00:00:00,-2.7,1.1,3.5,0,0
2017-01-06T00:00:00,-3.8,0.6,2.1,1.3,3
2017-01-07T00:00:00,-6.6,-3.2,3.4,8.1,13
2017-01-08T00:00:00,-8.8,-3.8,3.9,0,0
2017-01-09T00:00:00,-9.9,-4.9,2.3,0,0
2017-01-10T00:00:00,-6,7.8,2.1,0,0
2017-01-11T00:00:00,5.6,11.1,2.6,13.2,0
2017-01-12T00:00:00,8.3,18.9,3.4,1.3,0
2017-01-13T00:00:00,0,16.7,3.2,0,0
2017-01-14T00:00:00,-2.1,1.1,1.9,3,1.5
2017-01-15T00:00:00,-1,3.3,1.9,0,0
2017-01-16T00:00:00,-1,6.1,2.1,0,0
2017-01-17T00:00:00,3.3,5.6,2.2,8.9,0
2017-01-18T00:00:00,3.3,5,2.6,1.5,0
2017-01-19T00:00:00,3.9,9.4,1.6,0,0
2017-01-20T00:00:00,4.4,7.2,1.8,2.5,0
2017-01-21T00:00:00,5,9.4,1.7,0,0
2017-01-22T00:00:00,6.1,8.9,3,1.3,0
2017-01-23T00:00:00,2.2,6.7,8.2,29.5,0
2017-01-24T00:00:00,1.7,3.3,4.5,30,0
2017-01-25T00:00:00,2.2,10.6,3,0,0
2017-01-26T00:00:00,6.1,13.3,3,0.5,0
2017-01-27T00:00:00,2.2,6.1,4,0,0
2017-01-28T00:00:00,1.1,3.9,3.5,0,0
2017-01-29T00:00:00,1.7,6.1,2.6,0,0
2017-01-30T00:00:00,-1,2.8,2.8,0,0
2017-01-31T00:00:00,-3.2,1.1,1.8,1.5,2.5
2017-02-01T00:00:00,0.6,8.3,2.6,0,0
2017-02-02T00:00:00,0,7.2,2.4,0,0
2017-02-03T00:00:00,-3.2,0.6,3,0,0
2017-02-04T00:00:00,-5.5,1.1,3.8,0,0
2017-02-05T00:00:00,-0.5,6.1,3.2,0,0
2017-02-06T00:00:00,2.2,9.4,2.3,0,0
2017-02-07T00:00:00,2.2,5.6,3,6.9,0
2017-02-08T00:00:00,3.3,16.7,2.1,0.8,0
2017-02-09T00:00:00,-7.1,6.7,5.5,29.5,23.9
2017-02-10T00:00:00,-7.1,0,3.8,0,0
2017-02-11T00:00:00,-1,8.9,1.8,0,0
2017-02-12T00:00:00,-1,4.4,3.2,11.7,0
2017-02-13T00:00:00,-0.5,3.9,5.5,0.5,0
2017-02-14T00:00:00,-2.1,5,2.4,0,0
2017-02-15T00:00:00,1.7,8.3,2.9,0,0
2017-02-16T00:00:00,-2.1,1.7,4.7,0,0
2017-02-17T00:00:00,-3.2,5,3.8,0,0
2017-02-18T00:00:00,1.7,17.2,2.6,0,0
2017-02-19T00:00:00,11.7,18.3,2.5,0,0
2017-02-20T00:00:00,3.9,12.8,3.3,0,0
2017-02-21T00:00:00,1.1,8.3,2.6,0,0
2017-02-22T00:00:00,5.6,13.9,1.3,0,0
2017-02-23T00:00:00,6.7,18.3,1.6,0,0
2017-02-24T00:00:00,14.4,21.1,2.7,0,0
2017-02-25T00:00:00,6.7,17.2,3,13.7,0
2017-02-26T00:00:00,2.2,6.7,4,0,0
2017-02-27T00:00:00,1.7,12.2,2.5,0,0
2017-02-28T00:00:00,8.3,15,1.8,0,0
2017-03-01T00:00:00,12.2,21.1,2.7,3,0
2017-03-02T00:00:00,1.7,17.8,5.1,0,0
2017-03-03T00:00:00,-4.3,3.9,3.7,0,0
2017-03-04T00:00:00,-8.2,-1,4,0,0
2017-03-05T00:00:00,-9.9,2.8,2.4,0,0
2017-03-06T00:00:00,-3.2,7.2,1.5,0,0
2017-03-07T00:00:00,5.6,13.3,1.9,2.5,0
2017-03-08T00:00:00,8.3,15,3.4,0.5,0
2017-03-09T00:00:00,8.3,16.1,3.9,0,0
2017-03-10T00:00:00,-4.9,8.3,3.4,7.9,5.3
2017-03-11T00:00:00,-8.2,-1.6,4.3,0,0
2017-03-12T00:00:00,-7.1,-1.6,4,0,0
2017-03-13T00:00:00,-6.6,2.2,2,0,0
2017-03-14T00:00:00,-6,0,6,50,19.3
2017-03-15T00:00:00,-6.6,-3.2,5.2,0,0
2017-03-16T00:00:00,-4.3,3.9,3.5,0,0
2017-03-17T00:00:00,-1.6,8.3,2.9,0,0
2017-03-18T00:00:00,1.1,3.9,3.9,2,0
2017-03-19T00:00:00,1.1,8.3,3.7,0,0
2017-03-20T00:00:00,0.6,11.1,2.3,0,0
2017-03-21T00:00:00,5.6,15,1.8,0,0
2017-03-22T00:00:00,-4.3,10,5.1,0,0
2017-03-23T00:00:00,-4.9,5.6,2.2,0,0
2017-03-24T00:00:00,2.2,13.9,2.8,0,0
2017-03-25T00:00:00,5.6,16.7,3,0.3,0
2017-03-26T00:00:00,2.8,5.6,3.7,3.6,0
2017-03-27T00:00:00,2.8,11.7,1.9,6.6,0
2017-03-28T00:00:00,5,7.8,2.6,18.3,0
2017-03-29T00:00:00,5.6,15.6,3.5,0,0
2017-03-30T00:00:00,3.3,11.1,2.6,0.3,0
2017-03-31T00:00:00,2.8,6.1,4.6,38.4,0
2017-04-01T00:00:00,2.8,8.9,3.4,0,0
2017-04-02T00:00:00,4.4,17.2,2.4,0,0
2017-04-03T00:00:00,8.9,17.2,2.2,0.8,0
2017-04-04T00:00:00,7.2,10.6,3.1,30,0
2017-04-05T00:00:00,7.2,18.3,1.5,0,0
2017-04-06T00:00:00,4.4,11.7,4.1,18.5,0
2017-04-07T00:00:00,4.4,10.6,4.7,0,0
2017-04-08T00:00:00,4.4,13.9,3.7,0,0
2017-04-09T00:00:00,7.2,19.4,2.2,0,0
2017-04-10T00:00:00,11.7,23.3,2.7,0,0
2017-04-11T00:00:00,16.1,26.7,2.5,0,0
2017-04-12T00:00:00,14.4,24.4,1.3,0.5,0
2017-04-13T00:00:00,8.9,18.3,2.3,0,0
2017-04-14T00:00:00,8.9,18.9,1.7,0,0
2017-04-15T00:00:00,10.6,18.3,2.5,0,0
2017-04-16T00:00:00,15,30.6,3.3,0,0
2017-04-17T00:00:00,14.4,23.3,3,0,0
2017-04-18T00:00:00,8.3,18.3,3.1,0,0
2017-04-19T00:00:00,7.2,12.2,2.5,0,0
2017-04-20T00:00:00,10,18.9,1.8,4.3,0
2017-04-21T00:00:00,8.9,11.7,3.3,7.4,0
2017-04-22T00:00:00,9.4,13.9,1.6,2.8,0
2017-04-23T00:00:00,7.8,18.9,2.2,0,0
2017-04-24T00:00:00,8.9,15.6,1.6,0,0
2017-04-25T00:00:00,9.4,12.2,5.9,23.1,0
2017-04-26T00:00:00,11.7,15.6,2.2,8.6,0
2017-04-27T00:00:00,13.9,21.1,1.3,0,0
2017-04-28T00:00:00,14.4,29.4,1.4,0,0
2017-04-29T00:00:00,17.8,29.4,2.3,1.5,0
2017-04-30T00:00:00,11.1,19.4,3,0,0
2017-05-01T00:00:00,9.4,23.3,2.3,0,0
2017-05-02T00:00:00,16.7,23.9,3.5,0,0
2017-05-03T00:00:00,10.6,18.3,3.7,0,0
2017-05-04T00:00:00,8.3,17.8,2.4,0,0
2017-05-05T00:00:00,10.6,15,2.9,76.7,0
2017-05-06T00:00:00,11.1,19.4,2.7,4.6,0
2017-05-07T00:00:00,8.3,13.3,2.5,0.3,0
2017-05-08T00:00:00,6.7,13.9,2.6,0,0
2017-05-09T00:00:00,8.3,17.2,2,0,0
2017-05-10T00:00:00,9.4,17.2,1.5,0,0
2017-05-11T00:00:00,10.6,16.7,1.6,0,0
2017-05-12T00:00:00,8.9,18.3,1.8,0,0
2017-05-13T00:00:00,7.2,11.7,3.4,40.9,0
2017-05-14T00:00:00,7.8,19.4,2.4,0.5,0
2017-05-15T00:00:00,11.7,20,4,0,0
2017-05-16T00:00:00,13.3,26.1,1.9,0,0
2017-05-17T00:00:00,18.3,32.2,2.5,0,0
2017-05-18T00:00:00,23.9,33.3,2.5,0,0
2017-05-19T00:00:00,18.9,32.8,2.8,0,0
2017-05-20T00:00:00,12.8,18.3,1.8,0.3,0
2017-05-21T00:00:00,11.1,20.6,1.8,0,0
2017-05-22T00:00:00,11.7,16.1,1.2,15,0
2017-05-23T00:00:00,13.3,20.6,1,0,0
2017-05-24T00:00:00,13.3,20.6,2.2,1,0
2017-05-25T00:00:00,13.3,15,3.6,14.7,0
2017-05-26T00:00:00,13.3,22.8,2.2,2.5,0
2017-05-27T00:00:00,15,21.7,1.4,0,0
2017-05-28T00:00:00,14.4,21.7,2,0,0
2017-05-29T00:00:00,13.3,16.1,2.3,3.3,0
2017-05-30T00:00:00,12.8,15.6,1.2,1.5,0
2017-05-31T00:00:00,14.4,23.9,1.1,0.8,0
2017-06-01T00:00:00,15,26.1,1.7,0,0
2017-06-02T00:00:00,13.9,24.4,2,0.3,0
2017-06-03T00:00:00,12.8,22.8,1.6,0.3,0
2017-06-04T00:00:00,13.3,21.1,1,2.3,0
2017-06-05T00:00:00,14.4,19.4,2.2,0.5,0
2017-06-06T00:00:00,11.1,14.4,3.2,1.5,0
2017-06-07T00:00:00,10.6,19.4,1.5,0,0
2017-06-08T00:00:00,12.8,20.6,1.7,0,0
2017-06-09T00:00:00,11.7,26.7,2.1,0,0
2017-06-10T00:00:00,18.9,29.4,1.6,0,0
2017-06-11T00:00:00,22.2,32.2,2.3,0,0
2017-06-12T00:00:00,24.4,33.9,1.7,0,0
2017-06-13T00:00:00,25,34.4,1.4,0,0
2017-06-14T00:00:00,20.6,28.9,2.1,7.4,0
2017-06-15T00:00:00,17.8,24.4,1.9,0,0
2017-06-16T00:00:00,17.2,20,2.3,0,0
2017-06-17T00:00:00,18.9,23.3,1,35.3,0
2017-06-18T00:00:00,21.1,29.4,1.6,0,0
2017-06-19T00:00:00,21.1,31.1,1.7,34.3,0
2017-06-20T00:00:00,21.7,28.3,2.3,0.8,0
2017-06-21T00:00:00,21.7,28.3,2.1,0,0
2017-06-22T00:00:00,20,28.3,1,0,0
2017-06-23T00:00:00,24.4,28.3,2.2,1,0
2017-06-24T00:00:00,21.7,28.9,2.4,32.8,0
2017-06-25T00:00:00,20,28.3,1.1,0,0
2017-06-26T00:00:00,17.8,26.1,1.4,0,0
2017-06-27T00:00:00,15.6,25,1.6,4.6,0
2017-06-28T00:00:00,16.1,25.6,2.2,0,0
2017-06-29T00:00:00,20,27.8,2.4,0,0
2017-06-30T00:00:00,22.8,31.1,2.6,0,0
2017-07-01T00:00:00,21.7,29.4,1.8,5.8,0
2017-07-02T00:00:00,22.2,30.6,2.2,0,0
2017-07-03T00:00:00,21.7,31.1,0.8,11.4,0
2017-07-04T00:00:00,21.1,29.4,1.2,0,0
2017-07-05T00:00:00,21.1,29.4,2.2,0,0
2017-07-06T00:00:00,21.7,25,1.6,0,0
2017-07-07T00:00:00,20,26.7,2.4,45.2,0
2017-07-08T00:00:00,20.6,28.9,1.5,0,0
2017-07-09T00:00:00,19.4,27.2,1.6,0,0
2017-07-10T00:00:00,20,28.9,1.5,0,0
2017-07-11T00:00:00,23.9,29.4,1.4,0,0
2017-07-12T00:00:00,25,31.1,2.3,0,0
2017-07-13T00:00:00,22.8,32.2,2.2,0,0
2017-07-14T00:00:00,18.3,22.8,2.1,8.9,0
2017-07-15T00:00:00,20,28.9,1.5,0,0
2017-07-16T00:00:00,20,30.6,1.2,0,0
2017-07-17T00:00:00,22.8,29.4,1.2,0,0
2017-07-18T00:00:00,22.8,31.1,1.3,0,0
2017-07-19T00:00:00,25,33.3,1.4,0,0
2017-07-20T00:00:00,25,34.4,1.3,0.3,0
2017-07-21T00:00:00,24.4,33.3,1.7,0,0
2017-07-22T00:00:00,21.7,33.3,1.1,14.5,0
2017-07-23T00:00:00,21.7,26.1,1.2,1.5,0
2017-07-24T00:00:00,17.2,22.8,3,18.8,0
2017-07-25T00:00:00,16.7,21.7,2.3,0,0
2017-07-26T00:00:00,18.3,25,1.7,0,0
2017-07-27T00:00:00,18.3,25.6,1.1,0,0
2017-07-28T00:00:00,21.7,29.4,1.3,0,0
2017-07-29T00:00:00,19.4,25,4.2,0,0
2017-07-30T00:00:00,17.8,27.8,1.9,0,0
2017-07-31T00:00:00,18.9,31.1,0.9,0,0
2017-08-01T00:00:00,21.7,33.3,1.2,0,0
2017-08-02T00:00:00,20.6,30,0.7,2.3,0
2017-08-03T00:00:00,20,30.6,0.8,0,0
2017-08-04T00:00:00,20.6,28.9,1.9,3.8,0
2017-08-05T00:00:00,20.6,25.6,2,7.6,0
2017-08-06T00:00:00,17.8,24.4,1.7,0,0
2017-08-07T00:00:00,17.8,21.7,1.1,19.3,0
2017-08-08T00:00:00,18.3,25.6,1.3,0,0
2017-08-09T00:00:00,17.8,29.4,0.6,0,0
2017-08-10T00:00:00,20,28.3,1,0,0
2017-08-11T00:00:00,20.6,27.8,1.2,0,0
2017-08-12T00:00:00,17.8,25,1.5,2.8,0
2017-08-13T00:00:00,21.7,28.3,1.7,0,0
2017-08-14T00:00:00,21.1,26.7,1,0,0
2017-08-15T00:00:00,20,23.3,0.5,11.4,0
2017-08-16T00:00:00,21.1,30.6,1,0,0
2017-08-17T00:00:00,20.6,28.3,1.4,0,0
2017-08-18T00:00:00,22.8,27.8,1.5,22.4,0
2017-08-19T00:00:00,22.8,30,1.3,0,0
2017-08-20T00:00:00,20.6,27.2,2,0,0
2017-08-21T00:00:00,21.7,30.6,1.5,0,0
2017-08-22T00:00:00,22.2,31.7,2.3,7.6,0
2017-08-23T00:00:00,21.1,27.2,1.8,0,0
2017-08-24T00:00:00,18.3,26.7,1.4,0,0
2017-08-25T00:00:00,17.2,25.6,1.1,0,0
2017-08-26T00:00:00,16.7,25.6,1.7,0,0
2017-08-27T00:00:00,17.2,25.6,2,0,0
2017-08-28T00:00:00,17.2,24.4,2.8,0,0
2017-08-29T00:00:00,16.1,20,3.6,7.4,0
2017-08-30T00:00:00,15.6,25.6,2.3,0.3,0
2017-08-31T00:00:00,17.8,27.2,1.7,0,0
2017-09-01T00:00:00,12.8,21.7,2.2,0,0
2017-09-02T00:00:00,12.2,20,2.5,13.5,0
2017-09-03T00:00:00,15,20.6,2.5,18.8,0
2017-09-04T00:00:00,16.1,26.7,2.1,0,0
2017-09-05T00:00:00,20.6,29.4,1.4,0,0
2017-09-06T00:00:00,16.1,22.2,1.7,10.7,0
2017-09-07T00:00:00,15,21.7,2.2,0.3,0
2017-09-08T00:00:00,14.4,21.7,1.7,0,0
2017-09-09T00:00:00,12.8,21.1,1.8,0,0
2017-09-10T00:00:00,13.9,22.2,2.6,0,0
2017-09-11T00:00:00,12.8,24.4,0.9,0,0
2017-09-12T00:00:00,15,25.6,0.6,0,0
2017-09-13T00:00:00,17.8,28.3,1.1,1.5,0
2017-09-14T00:00:00,21.1,27.2,1,0.5,0
2017-09-15T00:00:00,19.4,27.2,0.7,0,0
2017-09-16T00:00:00,21.1,27.8,1.3,0,0
2017-09-17T00:00:00,20,27.2,1.2,0,0
2017-09-18T00:00:00,20,22.8,3.1,0,0
2017-09-19T00:00:00,20.6,25.6,4.4,5.6,0
2017-09-20T00:00:00,21.7,26.1,2.8,0,0
2017-09-21T00:00:00,21.7,26.7,2.5,0,0
2017-09-22T00:00:00,18.9,27.8,3.2,0,0
2017-09-23T00:00:00,20,30.6,2.1,0,0
2017-09-24T00:00:00,20.6,32.8,0.7,0,0
2017-09-25T00:00:00,21.1,31.1,1.3,0,0
2017-09-26T00:00:00,20,28.9,0.9,0,0
2017-09-27T00:00:00,20.6,30.6,1.7,0,0
2017-09-28T00:00:00,15,26.1,2.6,0,0
2017-09-29T00:00:00,12.8,20,1.1,0,0
2017-09-30T00:00:00,12.2,18.9,2.8,0,0
2017-10-01T00:00:00,10,20,1.3,0,0
2017-10-02T00:00:00,11.1,22.8,1.1,0,0
2017-10-03T00:00:00,13.9,21.7,1.4,0,0
2017-10-04T00:00:00,13.3,23.9,2.2,0,0
2017-10-05T00:00:00,18.3,28.3,2.2,0,0
2017-10-06T00:00:00,20,27.8,1.1,0,0
2017-10-07T00:00:00,18.9,27.2,1.8,0,0
2017-10-08T00:00:00,22.2,25,2.2,5.6,0
2017-10-09T00:00:00,21.7,25,2.2,6.6,0
2017-10-10T00:00:00,18.9,27.2,1.3,0,0
2017-10-11T00:00:00,15.6,25,2.6,1.5,0
2017-10-12T00:00:00,12.8,17.8,3.9,1.8,0
2017-10-13T00:00:00,11.1,19.4,2.7,0,0
2017-10-14T00:00:00,16.1,22.2,1.1,2,0
2017-10-15T00:00:00,18.3,23.3,1.9,0,0
2017-10-16T00:00:00,7.8,20.6,3,0.3,0
2017-10-17T00:00:00,5.6,14.4,1.8,0,0
2017-10-18T00:00:00,10,22.2,1.7,0,0
2017-10-19T00:00:00,13.3,21.7,2,0,0
2017-10-20T00:00:00,13.9,22.8,1.8,0,0
2017-10-21T00:00:00,13.3,25.6,1,0,0
2017-10-22T00:00:00,13.9,24.4,0.7,0,0
2017-10-23T00:00:00,16.1,23.3,1.6,0,0
2017-10-24T00:00:00,19.4,23.3,2.5,5.1,0
2017-10-25T00:00:00,13.9,19.4,0.9,0,0
2017-10-26T00:00:00,10,14.4,2.7,0,0
2017-10-27T00:00:00,8.3,16.7,1.7,0,0
2017-10-28T00:00:00,12.8,20.6,2.2,0,0
2017-10-29T00:00:00,15.6,19.4,3,77,0
2017-10-30T00:00:00,7.8,16.1,3.9,6.4,0
2017-10-31T00:00:00,7.2,13.9,2.6,0,0
2017-11-01T00:00:00,6.1,15,1.1,0,0
2017-11-02T00:00:00,14.4,22.2,1.1,0,0
2017-11-03T00:00:00,10.6,23.3,2.5,0,0
2017-11-04T00:00:00,7.8,13.3,2.6,0,0
2017-11-05T00:00:00,10.6,16.1,1.9,0.5,0
2017-11-06T00:00:00,7.8,18.9,2.2,0.3,0
2017-11-07T00:00:00,4.4,9.4,2.9,17.8,0
2017-11-08T00:00:00,3.9,9.4,2.4,0,0
2017-11-09T00:00:00,3.9,12.8,1.5,0,0
2017-11-10T00:00:00,-3.8,10.6,4.2,0.3,0
2017-11-11T00:00:00,-4.3,3.3,2.1,0,0
2017-11-12T00:00:00,0,7.8,0.8,0,0
2017-11-13T00:00:00,3.9,8.3,1.6,1.8,0
2017-11-14T00:00:00,1.7,8.9,2.2,0,0
2017-11-15T00:00:00,2.8,10.6,2.3,0,0
2017-11-16T00:00:00,6.1,13.9,2.9,5.1,0
2017-11-17T00:00:00,2.8,8.3,3.5,0,0
2017-11-18T00:00:00,1.1,13.3,1.5,2.5,0
2017-11-19T00:00:00,3.3,15,4.3,5.8,0
2017-11-20T00:00:00,2.2,8.3,3,0,0
2017-11-21T00:00:00,5.6,14.4,2.3,0,0
2017-11-22T00:00:00,1.7,13.3,3,5.3,0
2017-11-23T00:00:00,-0.5,6.1,2.1,0,0
2017-11-24T00:00:00,1.7,10,1.7,0,0
2017-11-25T00:00:00,6.1,13.9,1.8,0,0
2017-11-26T00:00:00,4.4,10.6,3,0,0
2017-11-27T00:00:00,3.9,10.6,2.9,0,0
2017-11-28T00:00:00,2.2,12.2,2,0,0
2017-11-29T00:00:00,5.6,17.2,2.4,0,0
2017-11-30T00:00:00,3.3,11.7,2,0.8,0
2017-12-01T00:00:00,5.6,11.1,2.4,0,0
2017-12-02T00:00:00,3.9,8.9,1.4,0,0
2017-12-03T00:00:00,5.6,8.9,0.9,0,0
2017-12-04T00:00:00,4.4,10.6,1.6,0,0
2017-12-05T00:00:00,10,16.1,3,19.1,0
2017-12-06T00:00:00,4.4,15,3.4,0,0
2017-12-07T00:00:00,2.8,6.7,3,0,0
2017-12-08T00:00:00,1.1,3.9,2.2,0,0
2017-12-09T00:00:00,-1,1.7,1.9,11.7,11.7
2017-12-10T00:00:00,-1.6,3.9,2.9,0,0
2017-12-11T00:00:00,0.6,5,2.4,0,0
2017-12-12T00:00:00,-1.6,10,3.3,0,0
2017-12-13T00:00:00,-6.6,-0.5,4.8,0,0
2017-12-14T00:00:00,-5.5,0,2.6,2.3,3
2017-12-15T00:00:00,-6.6,-2.1,1.7,2.8,3
2017-12-16T00:00:00,-4.9,3.9,3,0,0
2017-12-17T00:00:00,0,3.3,1.3,0,0
2017-12-18T00:00:00,1.1,8.3,2.2,0.5,0
2017-12-19T00:00:00,7.2,12.8,3.4,0,0
2017-12-20T00:00:00,1.1,10.6,3.3,0,0
2017-12-21T00:00:00,0,3.9,1.8,0,0
2017-12-22T00:00:00,1.7,10,1.8,0,0
2017-12-23T00:00:00,3.3,8.9,2.2,12.4,0
2017-12-24T00:00:00,2.2,5,3.5,0.3,0
2017-12-25T00:00:00,-2.1,3.3,4.9,5.8,0
2017-12-26T00:00:00,-4.9,-2.1,3.9,0,0
2017-12-27T00:00:00,-8.2,-4.3,2.8,0,0
2017-12-28T00:00:00,-11.6,-7.7,3.6,0,0
2017-12-29T00:00:00,-11.6,-5.5,3,0,0
2017-12-30T00:00:00,-8.2,-4.9,2.4,1.3,1.8
2017-12-31T00:00:00,-12.7,-6,4.1,0,0
2018-01-01T00:00:00,-13.8,-7.1,3.5,0,0
2018-01-02T00:00:00,-10.5,-3.2,3.6,0,0
2018-01-03T00:00:00,-8.8,-1,1.4,0,0
2018-01-04T00:00:00,-7.1,-1.6,5.6,19.3,24.9
2018-01-05T00:00:00,-12.7,-7.1,5.8,0,0
2018-01-06T00:00:00,-14.3,-10.5,4.9,0,0
2018-01-07T00:00:00,-14.9,-7.7,2.9,0,0
2018-01-08T00:00:00,-8.2,-0.5,2.6,0.3,0
2018-01-09T00:00:00,-1,6.7,3,0,0
2018-01-10T00:00:00,-1,6.1,1.9,0,0
2018-01-11T00:00:00,5,11.7,1.4,0,0
2018-01-12T00:00:00,6.7,16.1,3.1,13.7,0
2018-01-13T00:00:00,-7.1,14.4,4.3,1.3,0
2018-01-14T00:00:00,-9.3,-3.8,3.6,0,0
2018-01-15T00:00:00,-8.8,-1,3.6,0,0
2018-01-16T00:00:00,-3.8,2.2,1.8,0,0
2018-01-17T00:00:00,-5.5,2.2,2.7,4.8,1
2018-01-18T00:00:00,-7.7,0,3.5,0,0
2018-01-19T00:00:00,-4.3,5,2.4,0,0
2018-01-20T00:00:00,3.3,11.1,3.8,0,0
2018-01-21T00:00:00,5.6,10,1.3,0,0
2018-01-22T00:00:00,3.3,9.4,2.4,0.3,0
2018-01-23T00:00:00,3.3,15.6,2.8,7.6,0
2018-01-24T00:00:00,-2.7,6.7,4.2,0,0
2018-01-25T00:00:00,-4.9,1.1,3,0,0
2018-01-26T00:00:00,-3.2,3.3,1.7,0,0
2018-01-27T00:00:00,1.7,13.3,2.9,0,0
2018-01-28T00:00:00,7.8,12.8,1.7,5.3,0
2018-01-29T00:00:00,1.7,8.3,4.1,0,0.3
2018-01-30T00:00:00,-4.3,2.2,3.4,2.8,2.3
2018-01-31T00:00:00,-7.7,0.6,3,0,0
2018-02-01T00:00:00,0,7.2,1.7,1.3,0
2018-02-02T00:00:00,-8.2,5,4.1,4.6,0
2018-02-03T00:00:00,-8.8,-0.5,3.4,0,0
2018-02-04T00:00:00,-1,7.8,1.8,24.4,0
2018-02-05T00:00:00,-3.2,4.4,3.4,0,0
2018-02-06T00:00:00,-3.2,2.8,1.8,0,0
2018-02-07T00:00:00,-1,7.2,3,21.6,1.3
2018-02-08T00:00:00,-3.8,0.6,3,0,0
2018-02-09T00:00:00,-3.2,3.9,2.2,0,0
2018-02-10T00:00:00,3.9,10,1,14.7,0
2018-02-11T00:00:00,7.2,16.7,1.4,30.7,0
2018-02-12T00:00:00,0,16.7,3.2,0,0
2018-02-13T00:00:00,-3.2,3.3,2.5,0,0
2018-02-14T00:00:00,1.7,11.7,2.4,2,0
2018-02-15T00:00:00,7.8,16.7,2.3,4.1,0
2018-02-16T00:00:00,2.2,14.4,3.1,2.3,0
2018-02-17T00:00:00,-2.1,4.4,2,13.2,11.2
2018-02-18T00:00:00,0.6,6.7,2.6,0.3,0
2018-02-19T00:00:00,2.2,9.4,1.9,1,0
2018-02-20T00:00:00,8.3,19.4,2.7,0,0
2018-02-21T00:00:00,12.8,25.6,2.6,1.5,0
2018-02-22T00:00:00,2.8,15,3.7,4.3,0
2018-02-23T00:00:00,2.2,5.6,2.8,1.5,0
2018-02-24T00:00:00,5.6,12.8,2.4,2,0
2018-02-25T00:00:00,4.4,6.7,2.8,18.5,0
2018-02-26T00:00:00,6.1,11.1,2,0,0
2018-02-27T00:00:00,3.9,13.3,2,0,0
2018-02-28T00:00:00,5.6,16.1,2.3,0,0
2018-03-01T00:00:00,6.7,15.6,2.3,9.7,0
2018-03-02T00:00:00,1.1,6.7,4.7,47.2,0
2018-03-03T00:00:00,2.2,9.4,5,0,0
2018-03-04T00:00:00,1.1,6.7,4.3,0,0
2018-03-05T00:00:00,0.6,6.1,3.2,0,0
2018-03-06T00:00:00,0,8.3,2.1,0,0
2018-03-07T00:00:00,0.6,3.9,4.5,35.8,8.1
2018-03-08T00:00:00,0.6,3.9,2.7,0,0
2018-03-09T00:00:00,-1,5.6,3.5,0,0
2018-03-10T00:00:00,-0.5,4.4,3.8,0,0
2018-03-11T00:00:00,0,7.2,2.4,0,0
2018-03-12T00:00:00,0,6.1,3.8,2,0
2018-03-13T00:00:00,0.6,4.4,3.8,7.1,0
2018-03-14T00:00:00,-0.5,5,4.9,0.3,0
2018-03-15T00:00:00,0,8.9,4.5,0,0
2018-03-16T00:00:00,-1,4.4,4.4,0,0
2018-03-17T00:00:00,-2.7,8.9,3.4,0,0
2018-03-18T00:00:00,-2.1,6.1,2.8,0,0
2018-03-19T00:00:00,0.6,8.3,2.6,0,0
2018-03-20T00:00:00,-1,3.9,4,0,0
2018-03-21T00:00:00,-0.5,3.9,4.8,25.1,20.8
2018-03-22T00:00:00,0,10,3,1.5,0.5
2018-03-23T00:00:00,1.7,9.4,2.5,0,0
2018-03-24T00:00:00,1.7,10.6,2.7,0,0
2018-03-25T00:00:00,0.6,7.2,3.7,0,0
2018-03-26T00:00:00,1.1,10,2.6,0,0
2018-03-27T00:00:00,1.1,8.3,1.5,0.3,0
2018-03-28T00:00:00,3.3,11.1,1.8,0.8,0
2018-03-29T00:00:00,9.4,11.7,1.3,0.8,0
2018-03-30T00:00:00,6.7,16.7,1.8,0.8,0
2018-03-31T00:00:00,3.9,14.4,2.9,0,0
2018-04-01T00:00:00,6.1,15.6,3,0,0
2018-04-02T00:00:00,0.6,6.1,2.6,15,14
2018-04-03T00:00:00,3.9,6.1,2.1,6.6,0
2018-04-04T00:00:00,4.4,13.3,3.8,1,0
2018-04-05T00:00:00,1.1,7.2,3.9,0,0
2018-04-06T00:00:00,2.8,16.7,2.2,2.8,0
2018-04-07T00:00:00,2.8,9.4,3.3,0,0
2018-04-08T00:00:00,0,7.8,3.8,0,0
2018-04-09T00:00:00,0,9.4,2.4,0,0
2018-04-10T00:00:00,3.3,10.6,2.2,0.3,0
2018-04-11T00:00:00,2.8,10.6,1.7,0,0
2018-04-12T00:00:00,7.8,17.2,2.5,0,0
2018-04-13T00:00:00,15.6,27.8,2.5,0,0
2018-04-14T00:00:00,6.7,25,3.3,0,0
2018-04-15T00:00:00,3.3,6.7,5.5,11.9,0
2018-04-16T00:00:00,3.9,15.6,5.1,71.6,0
2018-04-17T00:00:00,3.9,8.3,3.8,0,0
2018-04-18T00:00:00,2.8,12.8,2.9,0,0
2018-04-19T00:00:00,3.3,9.4,3.4,3.8,0
2018-04-20T00:00:00,2.8,10,3.8,0,0
2018-04-21T00:00:00,3.9,17.2,2.6,0,0
2018-04-22T00:00:00,6.7,19.4,1.9,0,0
2018-04-23T00:00:00,7.8,20,2,0,0
2018-04-24T00:00:00,7.8,18.9,1.9,1.3,0
2018-04-25T00:00:00,11.1,15.6,1.7,24.1,0
2018-04-26T00:00:00,12.8,21.1,2.2,2.5,0
2018-04-27T00:00:00,10.6,15,1.1,1.3,0
2018-04-28T00:00:00,10,20,1.5,2.5,0
2018-04-29T00:00:00,8.3,15,2.6,2,0
2018-04-30T00:00:00,6.7,10.6,2.3,0,0
2018-05-01T00:00:00,8.9,26.7,1.9,0,0
2018-05-02T00:00:00,18.3,32.2,2.4,0,0
2018-05-03T00:00:00,21.1,33.3,2.4,0.5,0
2018-05-04T00:00:00,22.2,28.9,1.6,0,0
2018-05-05T00:00:00,16.1,24.4,2.2,0,0
2018-05-06T00:00:00,13.3,18.9,1.7,0,0
2018-05-07T00:00:00,12.2,25,0.9,0,0
2018-05-08T00:00:00,11.7,23.3,0.8,0,0
2018-05-09T00:00:00,12.2,25,1,0,0
2018-05-10T00:00:00,12.2,18.9,1.2,6.4,0
2018-05-11T00:00:00,15.6,22.8,1.6,0,0
2018-05-12T00:00:00,10.6,17.2,1.6,5.6,0
2018-05-13T00:00:00,11.1,12.2,1.1,2.5,0
2018-05-14T00:00:00,11.1,21.7,0.6,0.8,0
2018-05-15T00:00:00,16.1,31.1,1.2,14.7,0
2018-05-16T00:00:00,13.3,17.8,1.1,8.6,0
2018-05-17T00:00:00,13.3,21.7,0.5,5.6,0
2018-05-18T00:00:00,13.3,19.4,2.6,0,0
2018-05-19T00:00:00,9.4,13.3,1.8,16.5,0
2018-05-20T00:00:00,13.3,27.2,1.7,0,0
2018-05-21T00:00:00,14.4,26.1,1.1,0,0
2018-05-22T00:00:00,12.8,20,0.4,7.4,0
2018-05-23T00:00:00,15,27.2,1.1,7.4,0
2018-05-24T00:00:00,17.2,28.3,1.3,0,0
2018-05-25T00:00:00,18.3,30,2.3,0,0
2018-05-26T00:00:00,22.2,31.7,0.9,0,0
2018-05-27T00:00:00,13.3,26.7,3.7,11.2,0
2018-05-28T00:00:00,13.3,20.6,0.8,0,0
2018-05-29T00:00:00,17.2,31.7,0.5,0,0
2018-05-30T00:00:00,16.1,25.6,1,0,0
2018-05-31T00:00:00,17.2,20,0.9,2.5,0
2018-06-01T00:00:00,18.3,27.2,0.4,6.9,0
2018-06-02T00:00:00,18.9,30.6,1.7,2,0
2018-06-03T00:00:00,10.6,18.9,2.6,6.4,0
2018-06-04T00:00:00,10.6,21.7,1.7,4.1,0
2018-06-05T00:00:00,14.4,23.9,1.7,0,0
2018-06-06T00:00:00,14.4,21.7,1.2,0,0
2018-06-07T00:00:00,15.6,21.7,1.1,0,0
2018-06-08T00:00:00,15.6,27.8,1.3,0,0
2018-06-09T00:00:00,19.4,28.3,0.8,0,0
2018-06-10T00:00:00,14.4,22.8,0.5,0.3,0
2018-06-11T00:00:00,14.4,22.8,1.4,0,0
2018-06-12T00:00:00,13.9,23.9,1.5,0,0
2018-06-13T00:00:00,17.2,25.6,1.6,1,0
2018-06-14T00:00:00,19.4,28.9,3.1,0,0
2018-06-15T00:00:00,17.2,24.4,1.4,0,0
2018-06-16T00:00:00,17.8,29.4,1,0,0
2018-06-17T00:00:00,18.9,32.8,0.8,0,0
2018-06-18T00:00:00,22.8,32.8,2.5,2,0
2018-06-19T00:00:00,23.9,31.1,1.7,1.8,0
2018-06-20T00:00:00,20.6,28.3,0.7,2.3,0
2018-06-21T00:00:00,18.3,28.3,0.9,15,0
2018-06-22T00:00:00,16.7,23.9,2.1,2.5,0
2018-06-23T00:00:00,16.7,18.9,2.2,0,0
2018-06-24T00:00:00,18.9,28.9,1,0,0
2018-06-25T00:00:00,19.4,27.2,2.2,0,0
2018-06-26T00:00:00,16.1,25.6,1.7,0,0
2018-06-27T00:00:00,18.9,22.8,1.6,0.3,0
2018-06-28T00:00:00,21.1,28.3,1.3,34.5,0
2018-06-29T00:00:00,21.1,31.7,1.2,0,0
2018-06-30T00:00:00,22.2,33.9,1,0,0
2018-07-01T00:00:00,26.1,35.6,1.3,0,0
2018-07-02T00:00:00,26.1,35,0.9,0,0
2018-07-03T00:00:00,25,33.3,0.5,0.3,0
2018-07-04T00:00:00,25,30,0.5,0,0
2018-07-05T00:00:00,24.4,32.2,1.3,0,0
2018-07-06T00:00:00,20.6,26.7,1.8,5.8,0
2018-07-07T00:00:00,16.7,25.6,2.4,0,0
2018-07-08T00:00:00,16.7,28.9,0.9,0,0
2018-07-09T00:00:00,19.4,30.6,1.2,0,0
2018-07-10T00:00:00,22.2,33.9,1.7,0,0
2018-07-11T00:00:00,23.3,31.1,1.2,0,0
2018-07-12T00:00:00,17.8,28.9,0.6,18,0
2018-07-13T00:00:00,20,28.9,0.9,0,0
2018-07-14T00:00:00,21.1,31.1,1.6,9.1,0
2018-07-15T00:00:00,20.6,28.3,1.5,16.3,0
2018-07-16T00:00:00,23.9,32.2,1,0,0
2018-07-17T00:00:00,21.1,31.1,1.2,56.9,0
2018-07-18T00:00:00,18.9,29.4,1.5,0,0
2018-07-19T00:00:00,18.9,28.3,1,0,0
2018-07-20T00:00:00,20.6,27.8,0.9,0,0
2018-07-21T00:00:00,18.3,26.1,2.6,16,0
2018-07-22T00:00:00,21.1,26.1,1.5,26.9,0
2018-07-23T00:00:00,22.8,26.7,2,4.3,0
2018-07-24T00:00:00,23.9,27.8,2.3,0.5,0
2018-07-25T00:00:00,22.2,25,1.7,18.5,0
2018-07-26T00:00:00,22.2,29.4,1.5,0.8,0
2018-07-27T00:00:00,20,30,1.1,6.4,0
2018-07-28T00:00:00,21.1,29.4,0.5,0,0
2018-07-29T00:00:00,21.1,27.8,0.9,0,0
2018-07-30T00:00:00,20,25.6,0.6,9.4,0
2018-07-31T00:00:00,20,27.8,0.7,0,0
2018-08-01T00:00:00,23.3,28.9,1.1,2.5,0
2018-08-02T00:00:00,24.4,30,1.2,13,0
2018-08-03T00:00:00,22.8,29.4,1,6.1,0
2018-08-04T00:00:00,22.2,28.9,1.2,18.8,0
2018-08-05T00:00:00,22.8,32.8,0.5,0,0
2018-08-06T00:00:00,25,33.3,0.9,0,0
2018-08-07T00:00:00,23.3,32.2,1.7,1.3,0
2018-08-08T00:00:00,24.4,32.2,0.7,0,0
2018-08-09T00:00:00,22.8,30,1.3,15.5,0
2018-08-10T00:00:00,22.2,30,0.6,0,0
2018-08-11T00:00:00,21.1,26.7,0.9,73.7,0
2018-08-12T00:00:00,22.2,28.9,1.3,0,0
2018-08-13T00:00:00,21.7,23.9,1.5,16.8,0
2018-08-14T00:00:00,21.7,27.8,1.3,20.1,0
2018-08-15T00:00:00,21.1,30,1.9,0,0
2018-08-16T00:00:00,24.4,31.1,1.3,0,0
2018-08-17T00:00:00,22.2,30.6,1.3,26.4,0
2018-08-18T00:00:00,21.7,29.4,1.7,1.8,0
2018-08-19T00:00:00,19.4,22.2,2.1,0.5,0
2018-08-20T00:00:00,19.4,23.3,1.2,0,0
2018-08-21T00:00:00,18.9,26.1,1.6,2.8,0
2018-08-22T00:00:00,21.7,27.8,1.8,18.3,0
2018-08-23T00:00:00,18.3,25,1.7,0,0
2018-08-24T00:00:00,18.3,27.8,0.5,0,0
2018-08-25T00:00:00,20,26.7,0.8,0,0
2018-08-26T00:00:00,20.6,28.3,1.5,0,0
2018-08-27T00:00:00,23.3,31.1,1.1,0,0
2018-08-28T00:00:00,26.1,34.4,1.7,0,0
2018-08-29T00:00:00,27.2,33.3,2.2,0,0
2018-08-30T00:00:00,25.6,32.2,2,0,0
2018-08-31T00:00:00,20.6,25.6,1.7,0.8,0
2018-09-01T00:00:00,20.6,25.6,1.1,0,0
2018-09-02T00:00:00,20,27.2,0.9,0,0
2018-09-03T00:00:00,23.9,32.2,1.2,0,0
2018-09-04T00:00:00,25,33.3,0.9,0,0
2018-09-05T00:00:00,25,31.7,0.6,0,0
2018-09-06T00:00:00,22.8,33.9,1.3,9.1,0
2018-09-07T00:00:00,20.6,23.9,2.8,0,0
2018-09-08T00:00:00,16.1,21.7,2.8,0.5,0
2018-09-09T00:00:00,12.8,16.7,2.7,11.4,0
2018-09-10T00:00:00,12.2,17.8,3.1,23.6,0
2018-09-11T00:00:00,16.7,23.3,0.6,0.5,0
2018-09-12T00:00:00,21.7,25,0.1,3.8,0
2018-09-13T00:00:00,20.6,24.4,0,3.3,0
2018-09-14T00:00:00,20,23.9,0,0,0
2018-09-15T00:00:00,19.4,26.7,0,0,0
2018-09-16T00:00:00,19.4,28.9,0,0,0
2018-09-17T00:00:00,20,26.1,0,0.3,0
2018-09-18T00:00:00,21.1,26.1,0.9,30.2,0
2018-09-19T00:00:00,20,27.2,1.6,0,0
2018-09-20T00:00:00,18.3,22.2,1.1,0,0
2018-09-21T00:00:00,19.4,22.2,0.9,0,0
2018-09-22T00:00:00,16.7,23.3,2.3,0,0
2018-09-23T00:00:00,15.6,18.9,1.4,0,0
2018-09-24T00:00:00,13.9,20.6,3.2,0,0
2018-09-25T00:00:00,15,22.8,1.5,49.5,0
2018-09-26T00:00:00,20.6,27.8,0.8,5.3,0
2018-09-27T00:00:00,16.1,22.2,1.9,0,0
2018-09-28T00:00:00,13.3,18.3,1.7,19.6,0
2018-09-29T00:00:00,14.4,22.2,1.1,0,0
2018-09-30T00:00:00,12.2,21.1,1.1,0,0
2018-10-01T00:00:00,17.2,24.4,0.9,0,0
2018-10-02T00:00:00,18.3,25,0.9,17.5,0
2018-10-03T00:00:00,17.2,23.3,1.1,0,0
2018-10-04T00:00:00,16.1,24.4,0.4,1,0
2018-10-05T00:00:00,15.6,21.7,1.6,0,0
2018-10-06T00:00:00,17.2,20,0.5,0,0
2018-10-07T00:00:00,19.4,26.1,1.1,0,0
2018-10-08T00:00:00,17.8,23.3,1.8,0,0
2018-10-09T00:00:00,18.9,25,0.3,0,0
2018-10-10T00:00:00,21.7,26.7,1.2,0,0
2018-10-11T00:00:00,20.6,25,0.6,21.3,0
2018-10-12T00:00:00,10.6,20,2.6,10.9,0
2018-10-13T00:00:00,7.8,12.8,0,2.5,0
2018-10-14T00:00:00,8.3,14.4,0,0,0
2018-10-15T00:00:00,11.1,20,0,1.3,0
2018-10-16T00:00:00,8.3,15.6,0,0.3,0
2018-10-17T00:00:00,7.8,16.1,0,0,0
2018-10-18T00:00:00,5.6,10,0,0,0
2018-10-19T00:00:00,6.1,15.6,0,0,0
2018-10-20T00:00:00,10.6,16.7,0,1.5,0
2018-10-21T00:00:00,3.9,10.6,0,0,0
2018-10-22T00:00:00,3.9,10,0,0,0
2018-10-23T00:00:00,9.4,17.2,0,0,0
2018-10-24T00:00:00,6.7,12.2,0,0,0
2018-10-25T00:00:00,4.4,10.6,0,0,0
2018-10-26T00:00:00,3.3,10,0,0,0
2018-10-27T00:00:00,6.7,10.6,0,32.3,0
2018-10-28T00:00:00,7.2,11.1,0,1.8,0
2018-10-29T00:00:00,8.3,13.3,0,0.8,0
2018-10-30T00:00:00,5.6,12.8,0,0,0
2018-10-31T00:00:00,6.7,17.8,0,0,0
2018-11-01T00:00:00,13.9,21.1,0,0,0
2018-11-02T00:00:00,17.8,22.2,0,5.6,0
2018-11-03T00:00:00,8.9,18.3,0,9.4,0
2018-11-04T00:00:00,6.1,12.8,0,0,0
2018-11-05T00:00:00,8.9,11.7,0,7.6,0
2018-11-06T00:00:00,9.4,15,0,17.3,0
2018-11-07T00:00:00,10.6,16.7,0,0,0
2018-11-08T00:00:00,7.2,13.3,0,0,0
2018-11-09T00:00:00,4.4,11.1,0,19.6,0
2018-11-10T00:00:00,1.1,10,0,0.8,0
2018-11-11T00:00:00,0.6,7.8,0,0,0
2018-11-12T00:00:00,2.8,9.4,0,1,0
2018-11-13T00:00:00,6.1,10,0,26.9,0
2018-11-14T00:00:00,0,6.1,0,0,0
2018-11-15T00:00:00,-2.1,4.4,0,29.5,16.3
2018-11-16T00:00:00,1.1,7.2,0,7.9,0
2018-11-17T00:00:00,2.8,8.3,0,0,0
2018-11-18T00:00:00,3.9,6.7,0,0,0
2018-11-19T00:00:00,5,10,0,0,0
2018-11-20T00:00:00,3.9,8.3,0,0,0
2018-11-21T00:00:00,-2.7,6.7,0,0,0
2018-11-22T00:00:00,-8.2,-2.1,0,0,0
2018-11-23T00:00:00,-9.3,0,0,0,0
2018-11-24T00:00:00,-0.5,9.4,0,24.6,0
2018-11-25T00:00:00,7.2,12.8,0,20.6,0
2018-11-26T00:00:00,7.2,11.7,0,21.6,0
2018-11-27T00:00:00,2.8,7.2,0,0.8,0
2018-11-28T00:00:00,2.2,5.6,0,0,0
2018-11-29T00:00:00,3.3,7.8,0,0,0
2018-11-30T00:00:00,3.3,6.1,0,0.5,0
2018-12-01T00:00:00,2.2,7.8,0,1.3,0
2018-12-02T00:00:00,5.6,13.3,0,15,0
2018-12-03T00:00:00,7.8,12.8,0,0,0
2018-12-04T00:00:00,-0.5,7.8,0,0,0
2018-12-05T00:00:00,-2.1,2.8,0,0,0
2018-12-06T00:00:00,-1,4.4,0,0,0
2018-12-07T00:00:00,-2.1,3.9,0,0,0
2018-12-08T00:00:00,-4.3,2.2,0,0,0
2018-12-09T00:00:00,-2.1,2.2,0,0,0
2018-12-10T00:00:00,-1.6,3.9,0,0,0
2018-12-11T00:00:00,-1.6,5,0,0,0
2018-12-12T00:00:00,0.6,5,0,0,0
2018-12-13T00:00:00,0.6,4.4,0,0.8,0
2018-12-14T00:00:00,4.4,10.6,0,2.5,0
2018-12-15T00:00:00,7.8,11.1,0,3.6,0
2018-12-16T00:00:00,1.7,7.8,0,36.3,0
2018-12-17T00:00:00,2.8,7.8,0,0.8,0
2018-12-18T00:00:00,-2.1,4.4,0,0,0
2018-12-19T00:00:00,-3.2,5.6,0,0,0
2018-12-20T00:00:00,2.8,8.3,0,5.6,0
2018-12-21T00:00:00,8.3,16.1,0,40.9,0
2018-12-22T00:00:00,4.4,12.2,0,0.5,0
2018-12-23T00:00:00,2.2,6.1,0,0,0
2018-12-24T00:00:00,2.2,6.1,0,3,0
2018-12-25T00:00:00,0.6,4.4,0,0,0
2018-12-26T00:00:00,0,6.1,0,0,0
2018-12-27T00:00:00,2.8,6.7,0,0,0
2018-12-28T00:00:00,6.1,15.6,0,29.2,0
2018-12-29T00:00:00,3.9,13.9,0,0,0
2018-12-30T00:00:00,0.6,4.4,0,0,0
2018-12-31T00:00:00,2.2,8.9,0,25.9,0
2019-01-01T00:00:00,3.9,14.4,0,1.5,0
2019-01-02T00:00:00,1.7,4.4,0,0,0
2019-01-03T00:00:00,2.8,6.7,0,0,0
2019-01-04T00:00:00,1.7,8.3,0,0,0
2019-01-05T00:00:00,5,8.3,0,12.7,0
2019-01-06T00:00:00,-0.5,9.4,0,0,0
2019-01-07T00:00:00,-3.8,1.1,0,0,0
2019-01-08T00:00:00,1.1,7.2,0,4.3,0
2019-01-09T00:00:00,1.1,7.2,0,1.5,0
2019-01-10T00:00:00,-2.1,1.1,0,0,0
2019-01-11T00:00:00,-6,-1,0,0,0
2019-01-12T00:00:00,-6.6,1.1,0,0,0
2019-01-13T00:00:00,-3.8,0.6,0,0,0
2019-01-14T00:00:00,-5.5,0,0,0,0
2019-01-15T00:00:00,-3.8,2.2,0,0,0
2019-01-16T00:00:00,-1,3.9,0,0,0
2019-01-17T00:00:00,-4.3,0.6,0,0,0
2019-01-18T00:00:00,-1.6,3.9,0,1.3,1.3
2019-01-19T00:00:00,0,2.8,0,7.4,0.5
2019-01-20T00:00:00,-9.9,5.6,0,22.4,0
2019-01-21T00:00:00,-15.5,-9.9,0,0,0
2019-01-22T00:00:00,-10.5,-0.5,0,0,0
2019-01-23T00:00:00,-0.5,11.1,0,0,0
2019-01-24T00:00:00,1.7,15,0,33.8,0
2019-01-25T00:00:00,-2.1,4.4,0,0,0
2019-01-26T00:00:00,-4.3,1.7,0,0,0
2019-01-27T00:00:00,0,9.4,0,0,0
2019-01-28T00:00:00,-3.8,3.3,0,0,0
2019-01-29T00:00:00,-3.8,6.1,0,5.8,0
2019-01-30T00:00:00,-14.3,1.7,0,0.3,1
2019-01-31T00:00:00,-16.6,-8.8,0,0,0
2019-02-01T00:00:00,-11.6,-6,0,0,0
2019-02-02T00:00:00,-8.8,1.1,0,0,0
2019-02-03T00:00:00,0.6,11.7,0,0,0
2019-02-04T00:00:00,5,16.1,0,0,0
2019-02-05T00:00:00,6.7,18.3,0,0,0
2019-02-06T00:00:00,1.7,7.8,0,11.4,0
2019-02-07T00:00:00,3.9,6.7,0,1.8,0
2019-02-08T00:00:00,0,12.8,0,9.4,0
2019-02-09T00:00:00,-4.9,0,0,0,0
2019-02-10T00:00:00,-4.9,1.7,0,0,0
2019-02-11T00:00:00,-1,3.3,0,0,0
2019-02-12T00:00:00,-3.2,2.2,0,19.1,3
2019-02-13T00:00:00,0.6,5,0,2,0
2019-02-14T00:00:00,0.6,7.8,0,0,0
2019-02-15T00:00:00,5.6,15,0,0,0
2019-02-16T00:00:00,0,8.3,0,0,0
2019-02-17T00:00:00,-3.2,3.3,0,1,0
2019-02-18T00:00:00,-3.2,5.6,0,2.3,0
2019-02-19T00:00:00,-4.9,2.2,0,0,0
2019-02-20T00:00:00,-3.2,0.6,0,14.5,3.3
2019-02-21T00:00:00,0.6,11.1,0,2.5,0
2019-02-22T00:00:00,2.2,6.7,0,0,0
2019-02-23T00:00:00,0,5.6,0,0.3,0
2019-02-24T00:00:00,2.2,8.3,0,14.7,0
2019-02-25T00:00:00,-2.1,6.1,0,0,0
2019-02-26T00:00:00,-3.8,2.2,0,0,0
2019-02-27T00:00:00,-4.9,-0.5,0,0,0
2019-02-28T00:00:00,-2.7,2.8,0,0.8,0.3
2019-03-01T00:00:00,-3.2,1.7,0,2.8,3.6
2019-03-02T00:00:00,-0.5,5,0,13.5,10.2
2019-03-03T00:00:00,0.6,5.6,0,13.2,7.6
2019-03-04T00:00:00,-2.1,3.3,0,7.4,5.1
2019-03-05T00:00:00,-6.6,0,0,0,0
2019-03-06T00:00:00,-7.1,-3.2,0,0,0
2019-03-07T00:00:00,-7.7,0,0,0,0
2019-03-08T00:00:00,-4.3,3.9,0,0,0
2019-03-09T00:00:00,1.1,9.4,0,0,0
2019-03-10T00:00:00,1.7,6.1,0,13.7,0
2019-03-11T00:00:00,3.9,11.7,4.1,0,0
2019-03-12T00:00:00,1.1,6.7,4,0,0
2019-03-13T00:00:00,0,9.4,1.1,0,0
2019-03-14T00:00:00,5.6,13.9,1.3,0,0
2019-03-15T00:00:00,9.4,23.9,1,9.9,0
2019-03-16T00:00:00,2.8,14.4,4.5,0,0
2019-03-17T00:00:00,1.1,7.2,2.8,0,0
2019-03-18T00:00:00,0,7.8,0.9,0,0
2019-03-19T00:00:00,1.7,10.6,1.4,0,0
2019-03-20T00:00:00,2.8,11.7,1.3,0,0
2019-03-21T00:00:00,5,7.8,3.5,19.1,0
2019-03-22T00:00:00,3.3,9.4,4.8,17.3,0
2019-03-23T00:00:00,1.7,8.9,4.4,0,0
2019-03-24T00:00:00,3.3,15.6,2,0,0
2019-03-25T00:00:00,5.6,13.3,1.9,0,0
2019-03-26T00:00:00,0.6,9.4,3.5,0,0
2019-03-27T00:00:00,1.1,8.3,1.8,0,0
2019-03-28T00:00:00,2.8,11.7,0.7,0,0
2019-03-29T00:00:00,9.4,15,0.9,0,0
2019-03-30T00:00:00,11.1,21.1,1.5,0,0
2019-03-31T00:00:00,3.9,18.3,2.6,1.5,0
2019-04-01T00:00:00,0.6,7.8,3.2,0,0
2019-04-02T00:00:00,3.9,11.1,2,0,0
2019-04-03T00:00:00,5,19.4,3.3,0,0
2019-04-04T00:00:00,6.7,15.6,3,0,0
2019-04-05T00:00:00,3.3,7.2,2.6,5.1,0
2019-04-06T00:00:00,3.9,20,1.5,0,0
2019-04-07T00:00:00,10.6,18.9,0.7,0,0
2019-04-08T00:00:00,9.4,26.1,1.6,6.6,0
2019-04-09T00:00:00,7.8,10.6,1.3,0.8,0
2019-04-10T00:00:00,7.2,15.6,2.9,0,0
2019-04-11T00:00:00,4.4,12.8,1.4,0,0
2019-04-12T00:00:00,7.8,20,1.7,16,0
2019-04-13T00:00:00,15,25,1.3,6.1,0
2019-04-14T00:00:00,15.6,22.8,0.7,0.3,0
2019-04-15T00:00:00,7.8,18.3,3.8,24.4,0
2019-04-16T00:00:00,6.7,18.9,4.2,0,0
2019-04-17T00:00:00,8.9,17.2,1.4,0.3,0
2019-04-18T00:00:00,10.6,16.7,1.6,0,0
2019-04-19T00:00:00,14.4,26.7,1.5,0.3,0
2019-04-20T00:00:00,12.8,17.8,1.7,17.8,0
2019-04-21T00:00:00,11.7,18.9,1.5,0,0
2019-04-22T00:00:00,11.1,17.8,2,6.1,0
2019-04-23T00:00:00,13.3,25,0.9,2,0
2019-04-24T00:00:00,12.8,20.6,2.6,0,0
2019-04-25T00:00:00,8.9,18.9,1.5,0.5,0
2019-04-26T00:00:00,10.6,15,2.2,26.2,0
2019-04-27T00:00:00,8.3,14.4,3.1,1.8,0
2019-04-28T00:00:00,7.2,11.7,1.7,0.3,0
2019-04-29T00:00:00,5,15.6,1.2,0.3,0
2019-04-30T00:00:00,8.9,15.6,0.9,1,0
2019-05-01T00:00:00,10,13.3,1.1,0,0
2019-05-02T00:00:00,10,25.6,1.2,0.3,0
2019-05-03T00:00:00,10,13.3,1.1,1.5,0
2019-05-04T00:00:00,11.7,21.7,0.5,2.8,0
2019-05-05T00:00:00,10.6,14.4,3.2,33.3,0
2019-05-06T00:00:00,10.6,23.3,1.8,0,0
2019-05-07T00:00:00,11.1,21.1,0.6,2.8,0
2019-05-08T00:00:00,12.8,21.7,2,0,0
2019-05-09T00:00:00,11.7,16.1,2.5,0,0
2019-05-10T00:00:00,13.3,22.8,0.7,1,0
2019-05-11T00:00:00,13.3,20.6,1.4,1,0
2019-05-12T00:00:00,6.1,15,3.8,33.5,0
2019-05-13T00:00:00,5.6,8.9,2.5,17.8,0
2019-05-14T00:00:00,6.7,11.1,1,7.6,0
2019-05-15T00:00:00,6.7,20.6,1.7,0.3,0
2019-05-16T00:00:00,11.1,22.8,1.2,3,0
2019-05-17T00:00:00,15.6,24.4,2.2,0.8,0
2019-05-18T00:00:00,13.3,23.9,1.2,0,0
2019-05-19T00:00:00,15.6,24.4,1.3,1.5,0
2019-05-20T00:00:00,18.9,29.4,2.4,0,0
2019-05-21T00:00:00,13.3,21.7,2.6,0,0
2019-05-22T00:00:00,12.2,23.3,1.9,0,0
2019-05-23T00:00:00,12.8,22.2,1.8,12.2,0
2019-05-24T00:00:00,16.1,22.8,3.4,0,0
2019-05-25T00:00:00,12.8,21.7,1.8,0,0
2019-05-26T00:00:00,15,30,1.9,5.1,0
2019-05-27T00:00:00,17.8,26.7,1.6,0,0
2019-05-28T00:00:00,16.7,21.7,1.9,4.3,0
2019-05-29T00:00:00,13.3,21.1,2.1,20.3,0
2019-05-30T00:00:00,13.9,21.1,0.9,24.1,0
2019-05-31T00:00:00,17.2,26.7,1.2,0,0
2019-06-01T00:00:00,17.2,26.7,1.2,0,0
2019-06-02T00:00:00,16.1,27.2,1.7,21.8,0
2019-06-03T00:00:00,14.4,21.1,2.4,0,0
2019-06-04T00:00:00,12.2,21.1,1.7,0,0
2019-06-05T00:00:00,17.8,27.2,2,0,0
2019-06-06T00:00:00,20,28.3,2.1,1,0
2019-06-07T00:00:00,18.9,27.2,1,0,0
2019-06-08T00:00:00,17.2,27.2,2.8,0,0
2019-06-09T00:00:00,15.6,25.6,2.9,0,0
2019-06-10T00:00:00,15.6,21.1,3,15.7,0
2019-06-11T00:00:00,17.2,25,2.8,11.4,0
2019-06-12T00:00:00,15,23.3,1.8,0,0
2019-06-13T00:00:00,12.8,18.3,2.6,15.2,0
2019-06-14T00:00:00,14.4,22.8,2.7,0,0
2019-06-15T00:00:00,15.6,27.2,2,0,0
2019-06-16T00:00:00,18.3,26.7,2.3,1,0
2019-06-17T00:00:00,20.6,24.4,0.6,0,0
2019-06-18T00:00:00,19.4,22.8,0.8,20.1,0
2019-06-19T00:00:00,18.9,21.7,1.3,2.8,0
2019-06-20T00:00:00,18.3,25.6,1.4,10.7,0
2019-06-21T00:00:00,18.3,25,2.3,13.5,0
2019-06-22T00:00:00,16.1,26.1,2.5,0,0
2019-06-23T00:00:00,17.8,28.3,2.1,0,0
2019-06-24T00:00:00,19.4,28.9,0.8,0,0
2019-06-25T00:00:00,22.2,28.9,0.9,21.8,0
2019-06-26T00:00:00,22.2,30.6,1.4,0,0
2019-06-27T00:00:00,21.7,31.7,1.2,0,0
2019-06-28T00:00:00,22.8,31.7,1.1,0,0
2019-06-29T00:00:00,22.2,32.8,2.1,2,0
2019-06-30T00:00:00,10.6,23.3,1.8,0,0
2019-05-07T00:00:00,11.1,21.1,0.6,2.8,0
2019-05-08T00:00:00,12.8,21.7,2,0,0
2019-05-09T00:00:00,11.7,16.1,2.5,0,0
2019-05-10T00:00:00,13.3,22.8,0.7,1,0
2019-05-11T00:00:00,13.3,20.6,1.4,1,0
2019-05-12T00:00:00,6.1,15,3.8,33.5,0
2019-05-13T00:00:00,5.6,8.9,2.5,17.8,0
2019-05-14T00:00:00,6.7,11.1,1,7.6,0
2019-05-15T00:00:00,6.7,20.6,1.7,0.3,0
2019-05-16T00:00:00,11.1,22.8,1.2,3,0
2019-05-17T00:00:00,15.6,24.4,2.2,0.8,0
2019-05-18T00:00:00,13.3,23.9,1.2,0,0
2019-05-19T00:00:00,15.6,24.4,1.3,1.5,0
2019-05-20T00:00:00,18.9,29.4,2.4,0,0
2019-05-21T00:00:00,13.3,21.7,2.6,0,0
2019-05-22T00:00:00,12.2,23.3,1.9,0,0
2019-05-23T00:00:00,12.8,22.2,1.8,12.2,0
2019-05-24T00:00:00,16.1,22.8,3.4,0,0
2019-05-25T00:00:00,12.8,21.7,1.8,0,0
2019-05-26T00:00:00,15,30,1.9,5.1,0
2019-05-27T00:00:00,17.8,26.7,1.6,0,0
2019-05-28T00:00:00,16.7,21.7,1.9,4.3,0
2019-05-29T00:00:00,13.3,21.1,2.1,20.3,0
2019-05-30T00:00:00,13.9,21.1,0.9,24.1,0
2019-05-31T00:00:00,17.2,26.7,1.2,0,0
2019-06-01T00:00:00,17.2,26.7,1.2,0,0
2019-06-02T00:00:00,16.1,27.2,1.7,21.8,0
2019-06-03T00:00:00,14.4,21.1,2.4,0,0
2019-06-04T00:00:00,12.2,21.1,1.7,0,0
2019-06-05T00:00:00,17.8,27.2,2,0,0
2019-06-06T00:00:00,20,28.3,2.1,1,0
2019-06-07T00:00:00,18.9,27.2,1,0,0
2019-06-08T00:00:00,17.2,27.2,2.8,0,0
2019-06-09T00:00:00,15.6,25.6,2.9,0,0
2019-06-10T00:00:00,15.6,21.1,3,15.7,0
2019-06-11T00:00:00,17.2,25,2.8,11.4,0
2019-06-12T00:00:00,15,23.3,1.8,0,0
2019-06-13T00:00:00,12.8,18.3,2.6,15.2,0
2019-06-14T00:00:00,14.4,22.8,2.7,0,0
2019-06-15T00:00:00,15.6,27.2,2,0,0
2019-06-16T00:00:00,18.3,26.7,2.3,1,0
2019-06-17T00:00:00,20.6,24.4,0.6,0,0
2019-06-18T00:00:00,19.4,22.8,0.8,20.1,0
2019-06-19T00:00:00,18.9,21.7,1.3,2.8,0
2019-06-20T00:00:00,18.3,25.6,1.4,10.7,0
2019-06-21T00:00:00,18.3,25,2.3,13.5,0
2019-06-22T00:00:00,16.1,26.1,2.5,0,0
2019-06-23T00:00:00,17.8,28.3,2.1,0,0
2019-06-24T00:00:00,19.4,28.9,0.8,0,0
2019-06-25T00:00:00,22.2,28.9,0.9,21.8,0
2019-06-26T00:00:00,22.2,30.6,1.4,0,0
2019-06-27T00:00:00,21.7,31.7,1.2,0,0
2019-06-28T00:00:00,22.8,31.7,1.1,0,0
2019-06-29T00:00:00,22.2,32.8,2.1,2,0
2019-06-30T00:00:00,20.6,28.3,2.3,1.5,0
2019-07-01T00:00:00,18.3,29.4,2,0,0
2019-07-02T00:00:00,21.7,29.4,1.1,0.5,0
2019-07-03T00:00:00,23.9,30.6,0.8,0,0
2019-07-04T00:00:00,23.3,32.2,1.2,0,0
2019-07-05T00:00:00,22.2,30,1.3,0,0
2019-07-06T00:00:00,24.4,32.2,1.5,0,0
2019-07-07T00:00:00,22.2,30,2.2,0,0
2019-07-08T00:00:00,20,25.6,1.2,1,0
2019-07-09T00:00:00,20.6,30.6,1.2,0,0
2019-07-10T00:00:00,23.3,31.1,1.1,0,0
2019-07-11T00:00:00,22.8,30.6,2,20.1,0
2019-07-12T00:00:00,22.2,30.6,2.3,0,0
2019-07-13T00:00:00,21.1,29.4,1.7,0,0
2019-07-14T00:00:00,24.4,31.7,2.2,0,0
2019-07-15T00:00:00,20,29.4,1.3,0,0
2019-07-16T00:00:00,22.2,32.8,1.3,0,0
2019-07-17T00:00:00,22.8,33.9,1.6,46.2,0
2019-07-18T00:00:00,21.7,26.1,2.2,13,0
2019-07-19T00:00:00,21.7,32.8,1.6,0,0
2019-07-20T00:00:00,27.8,35,1.9,0,0
2019-07-21T00:00:00,26.7,35,2,0,0
2019-07-22T00:00:00,22.2,32.2,1.2,42.2,0
2019-07-23T00:00:00,19.4,23.3,1.8,13.5,0
2019-07-24T00:00:00,19.4,28.3,1.3,0.5,0
2019-07-25T00:00:00,21.1,28.9,0.8,0,0
2019-07-26T00:00:00,20.6,31.1,0.7,0,0
2019-07-27T00:00:00,22.2,29.4,1.3,0,0
2019-07-28T00:00:00,21.7,31.1,2.4,0.3,0
2019-07-29T00:00:00,22.8,32.2,2,0,0
2019-07-30T00:00:00,25.6,33.3,1.5,0.3,0
2019-07-31T00:00:00,21.1,30.6,1.3,9.1,0
2019-08-01T00:00:00,21.1,30.6,1,0,0
2019-08-02T00:00:00,22.8,28.9,1.6,0,0
2019-08-03T00:00:00,20,30,1.6,5.3,0
2019-08-04T00:00:00,20.6,30.6,1.2,0,0
2019-08-05T00:00:00,21.1,27.8,2,0,0
2019-08-06T00:00:00,21.7,26.1,1.4,1,0
2019-08-07T00:00:00,20.6,28.9,1.2,30,0
2019-08-08T00:00:00,19.4,28.9,2.1,5.1,0
2019-08-09T00:00:00,20,28.3,1.6,2,0
2019-08-10T00:00:00,18.9,27.2,2.3,0,0
2019-08-11T00:00:00,17.2,26.7,1.4,0,0
2019-08-12T00:00:00,20,29.4,1.6,0,0
2019-08-13T00:00:00,21.7,26.1,1.6,1.8,0
2019-08-14T00:00:00,22.8,28.9,1.6,0,0
2019-08-15T00:00:00,21.1,29.4,1.8,0,0
2019-08-16T00:00:00,20,26.1,1.2,0,0
2019-08-17T00:00:00,22.8,30.6,1.5,0,0
2019-08-18T00:00:00,21.1,32.2,1,16.3,0
2019-08-19T00:00:00,22.2,32.2,1.3,0,0
2019-08-20T00:00:00,23.9,31.1,1.3,0,0
2019-08-21T00:00:00,23.3,30.6,1.3,2.5,0
2019-08-22T00:00:00,21.7,32.2,1.7,25.7,0
2019-08-23T00:00:00,18.3,23.3,1.5,2.3,0
2019-08-24T00:00:00,17.8,24.4,2.3,0,0
2019-08-25T00:00:00,17.2,25,4,0,0
2019-08-26T00:00:00,16.1,23.3,2.8,0,0
2019-08-27T00:00:00,16.7,23.9,1.4,0,0
2019-08-28T00:00:00,19.4,23.3,1.7,2,0
2019-08-29T00:00:00,18.3,27.2,1.8,0,0
2019-08-30T00:00:00,19.4,30,1.8,0,0
2019-08-31T00:00:00,20.6,27.2,2.6,0,0
2019-09-01T00:00:00,17.2,25.6,2,0,0
2019-09-02T00:00:00,20.6,23.3,1.1,7.6,0
2019-09-03T00:00:00,19.4,27.8,1.5,0,0
2019-09-04T00:00:00,20,30.6,1.7,0,0
2019-09-05T00:00:00,18.3,23.3,2.3,0,0
2019-09-06T00:00:00,14.4,19.4,3.7,8.1,0
2019-09-07T00:00:00,13.3,23.9,2,0.5,0
2019-09-08T00:00:00,17.2,25,1,0,0
2019-09-09T00:00:00,17.8,25.6,2,0,0
2019-09-10T00:00:00,18.9,24.4,1.3,0.3,0
2019-09-11T00:00:00,20.6,31.1,2.3,0,0
2019-09-12T00:00:00,16.1,27.2,2.2,4.3,0
2019-09-13T00:00:00,13.9,22.2,2.9,0,0
2019-09-14T00:00:00,16.1,23.3,1.3,0,0
2019-09-15T00:00:00,20,27.8,1,0,0
2019-09-16T00:00:00,20,25,0.9,0,0
2019-09-17T00:00:00,16.7,24.4,2.5,0,0
2019-09-18T00:00:00,13.9,20.6,2.9,0,0
2019-09-19T00:00:00,11.1,21.1,1.3,0,0
2019-09-20T00:00:00,13.3,25.6,2.1,0,0
2019-09-21T00:00:00,16.1,28.9,1.2,0,0
2019-09-22T00:00:00,19.4,30,1.6,0,0
2019-09-23T00:00:00,21.1,31.7,2.4,2.8,0
2019-09-24T00:00:00,17.2,24.4,2.6,0,0
2019-09-25T00:00:00,14.4,26.1,1.5,0,0
2019-09-26T00:00:00,17.2,28.3,1.6,0.5,0
2019-09-27T00:00:00,15,24.4,1.6,0,0
2019-09-28T00:00:00,18.3,27.8,1.3,0,0
2019-09-29T00:00:00,18.3,26.7,2.8,0,0
2019-09-30T00:00:00,15.6,21.7,3.1,0,0
2019-10-01T00:00:00,17.2,27.2,1.7,0,0
2019-10-02T00:00:00,17.2,33.9,2.9,0.8,0
2019-10-03T00:00:00,11.7,17.2,2.8,8.6,0
2019-10-04T00:00:00,10,18.9,3.1,0,0
2019-10-05T00:00:00,7.2,16.1,2.2,0,0
2019-10-06T00:00:00,13.9,21.1,1.3,0.3,0
2019-10-07T00:00:00,15,26.1,1.8,5.1,0
2019-10-08T00:00:00,13.9,17.8,3.5,0.5,0
2019-10-09T00:00:00,10.6,15,4.7,13.7,0
2019-10-10T00:00:00,11.7,21.7,4.3,0,0
2019-10-11T00:00:00,12.8,17.8,4.1,0,0
2019-10-12T00:00:00,12.8,19.4,1.6,0,0
2019-10-13T00:00:00,11.7,19.4,0.9,0,0
2019-10-14T00:00:00,14.4,22.2,1.8,0,0
2019-10-15T00:00:00,10.6,17.8,1.3,0,0
2019-10-16T00:00:00,11.1,18.9,2.9,46.5,0
2019-10-17T00:00:00,10.6,13.9,5.2,0,0
2019-10-18T00:00:00,8.3,14.4,3.9,0,0
2019-10-19T00:00:00,6.1,15.6,1.2,0,0
2019-10-20T00:00:00,9.4,15,2,13.7,0
2019-10-21T00:00:00,10.6,19.4,1.8,0,0
2019-10-22T00:00:00,12.8,17.2,2,14.5,0
2019-10-23T00:00:00,12.2,18.3,2.8,0.3,0
2019-10-24T00:00:00,10,19.4,1.4,0,0
2019-10-25T00:00:00,11.1,18.3,1.3,0,0
2019-10-26T00:00:00,11.1,17.2,1.5,0.3,0
2019-10-27T00:00:00,12.8,19.4,2.2,35.1,0
2019-10-28T00:00:00,12.8,17.2,1.6,0,0
2019-10-29T00:00:00,12.2,15,1.8,1.8,0
2019-10-30T00:00:00,14.4,17.2,1.4,1.5,0
2019-10-31T00:00:00,15.6,21.7,2.3,13.7,0
2019-11-01T00:00:00,5.6,21.7,4.2,2.8,0
2019-11-02T00:00:00,4.4,11.7,1.7,0,0
2019-11-03T00:00:00,5.6,12.2,2.2,0,0
2019-11-04T00:00:00,5,13.3,1.4,0,0
2019-11-05T00:00:00,10.6,16.1,1.3,0,0
2019-11-06T00:00:00,7.2,12.2,2.2,0,0
2019-11-07T00:00:00,5,13.9,2.1,2.5,0
2019-11-08T00:00:00,-1.6,5,3.4,0,0
2019-11-09T00:00:00,-2.7,5,1.4,0,0
2019-11-10T00:00:00,3.3,10.6,1.7,0,0
2019-11-11T00:00:00,7.8,16.7,1.1,0,0
2019-11-12T00:00:00,-3.8,13.9,4.2,1,0
2019-11-13T00:00:00,-4.9,1.1,2.4,0,0
2019-11-14T00:00:00,-2.1,7.2,1.9,0,0
2019-11-15T00:00:00,2.8,10.6,1.9,0,0
2019-11-16T00:00:00,-0.5,5.6,4.6,0,0
2019-11-17T00:00:00,-1,6.1,4.7,0,0
2019-11-18T00:00:00,2.8,5.6,2.7,12.2,0
2019-11-19T00:00:00,4.4,8.9,2,4.6,0
2019-11-20T00:00:00,4.4,9.4,2.3,0,0
2019-11-21T00:00:00,3.9,11.7,2,0,0
2019-11-22T00:00:00,3.3,11.7,3.3,1.8,0
2019-11-23T00:00:00,1.1,7.2,1.9,0.8,0
2019-11-24T00:00:00,4.4,7.8,3.6,22.9,0
2019-11-25T00:00:00,3.9,11.7,2.3,0,0
2019-11-26T00:00:00,6.7,16.1,1.9,0,0
2019-11-27T00:00:00,9.4,15,1.9,1,0
2019-11-28T00:00:00,2.8,11.7,5.1,0,0
2019-11-29T00:00:00,-1,4.4,2.8,0,0
2019-11-30T00:00:00,-0.5,6.1,1.9,0,0
2019-12-01T00:00:00,-1,3.9,4.4,15.7,0
2019-12-02T00:00:00,-0.5,2.8,3.8,12.2,3.3
2019-12-03T00:00:00,-1,2.2,3.2,0.5,0.8
2019-12-04T00:00:00,0,3.9,2.4,0,0
2019-12-05T00:00:00,2.2,5.6,4.2,0,0
2019-12-06T00:00:00,1.1,10,3.3,0,0
2019-12-07T00:00:00,-1,3.3,3.1,0,0
2019-12-08T00:00:00,-2.1,7.8,1.2,0,0
2019-12-09T00:00:00,5.6,12.8,2,39.9,0
2019-12-10T00:00:00,3.9,14.4,3.1,3.3,0
2019-12-11T00:00:00,-0.5,4.4,2.8,6.6,0.5
2019-12-12T00:00:00,-3.2,2.2,2.1,0,0
2019-12-13T00:00:00,0.6,8.9,2.6,20.6,0
2019-12-14T00:00:00,7.2,13.3,2.7,29.5,0
2019-12-15T00:00:00,2.8,9.4,4.3,0,0
2019-12-16T00:00:00,0.6,2.8,1.7,2.5,0
2019-12-17T00:00:00,0,1.7,3.9,22.9,0
2019-12-18T00:00:00,-6,2.2,4,0.8,1.8
2019-12-19T00:00:00,-8.8,-3.8,4.7,0,0
2019-12-20T00:00:00,-5.5,0.6,2.7,0,0
2019-12-21T00:00:00,-4.9,1.7,1.3,0,0
2019-12-22T00:00:00,-1,7.8,2.1,0,0
2019-12-23T00:00:00,5,13.9,2.1,0,0
2019-12-24T00:00:00,2.2,8.3,2.6,0,0
2019-12-25T00:00:00,0,8.3,1.6,0,0
2019-12-26T00:00:00,2.2,7.8,2.6,0,0
2019-12-27T00:00:00,7.8,12.2,2,0,0
2019-12-28T00:00:00,6.1,10.6,1.8,0,0
2019-12-29T00:00:00,3.9,6.7,2.2,6.4,0
2019-12-30T00:00:00,2.8,5,5.7,18.8,0
2019-12-31T00:00:00,2.2,7.2,2.3,0.5,0
2020-01-01T00:00:00,1.1,5,3.8,0,0
2020-01-02T00:00:00,0.6,9.4,2.4,0,0
2020-01-03T00:00:00,6.7,9.4,1.5,3.8,0
2020-01-04T00:00:00,5,10.6,2,6.9,0
2020-01-05T00:00:00,1.7,5.6,5.1,0,0
2020-01-06T00:00:00,0,7.2,2.7,1,0.5
2020-01-07T00:00:00,2.2,7.2,2.3,0,0
2020-01-08T00:00:00,-2.1,5.6,4.3,0,0
2020-01-09T00:00:00,-4.9,1.1,2,0,0
2020-01-10T00:00:00,0.6,12.8,2.8,0,0
2020-01-11T00:00:00,10.6,20.6,2.4,0,0
2020-01-12T00:00:00,6.1,20,3.9,1.3,0
2020-01-13T00:00:00,2.8,7.8,2,0,0
2020-01-14T00:00:00,3.9,7.8,1.7,1.8,0
2020-01-15T00:00:00,5,10,2.3,0,0
2020-01-16T00:00:00,0.6,9.4,4.6,2.8,0
2020-01-17T00:00:00,-6,0.6,4.8,0,0
2020-01-18T00:00:00,-6.6,2.8,2.2,9.4,5.3
2020-01-19T00:00:00,-2.7,6.1,4,0,0
2020-01-20T00:00:00,-6.6,-0.5,3.5,0,0
2020-01-21T00:00:00,-6.6,0.6,1.9,0,0
2020-01-22T00:00:00,-3.8,3.3,0,0,0
2020-01-23T00:00:00,0.6,8.3,0,0,0
2020-01-24T00:00:00,2.8,10.6,0,0,0
2020-01-25T00:00:00,3.3,10.6,0,21.6,0
2020-01-26T00:00:00,3.3,7.8,0,0,0
2020-01-27T00:00:00,2.8,7.2,2.8,0,0
2020-01-28T00:00:00,2.8,6.1,3.8,0,0
2020-01-29T00:00:00,-0.5,5,3,0,0
2020-01-30T00:00:00,-3.8,3.3,1.9,0,0
2020-01-31T00:00:00,0.6,6.7,1.7,0.5,0
2020-02-01T00:00:00,2.8,6.1,0.9,0,0
2020-02-02T00:00:00,1.7,7.2,2.2,1.8,0
2020-02-03T00:00:00,2.8,13.9,2.5,0,0
2020-02-04T00:00:00,6.1,16.1,1.5,0,0
2020-02-05T00:00:00,3.9,12.8,2.6,0,0
2020-02-06T00:00:00,1.7,5,3.1,13,0
2020-02-07T00:00:00,0.6,13.3,4.3,6.4,0
2020-02-08T00:00:00,-1,5,3.3,0,0
2020-02-09T00:00:00,-0.5,6.7,2.6,0,0
2020-02-10T00:00:00,5.6,8.3,2.8,9.4,0
2020-02-11T00:00:00,6.1,8.9,1.6,7.1,0
2020-02-12T00:00:00,2.8,7.8,2.4,3.3,0
2020-02-13T00:00:00,2.8,6.7,1.9,9.9,0
2020-02-14T00:00:00,-7.7,4.4,3.3,0,0
2020-02-15T00:00:00,-10,-0.6,2.2,0,0
2020-02-16T00:00:00,-1.1,6.7,2.5,0,0
2020-02-17T00:00:00,3.3,10.6,2.3,0,0
2020-02-18T00:00:00,3.3,8.3,2.8,0,0
2020-02-19T00:00:00,0,8.9,3.3,0,0
2020-02-20T00:00:00,-3.3,1.7,2.6,0,0
2020-02-21T00:00:00,-6.7,1.7,2.4,0,0
2020-02-22T00:00:00,-1.1,10,2.8,0,0
2020-02-23T00:00:00,3.9,13.3,2,0,0
2020-02-24T00:00:00,5,16.7,1.3,0,0
2020-02-25T00:00:00,7.8,11.7,1.7,3.6,0
2020-02-26T00:00:00,6.1,8.9,3.2,0,0
2020-02-27T00:00:00,-0.6,6.1,5.7,10.2,0
2020-02-28T00:00:00,-1.7,5.6,4.4,0,0
2020-02-29T00:00:00,-3.9,1.7,3.9,0,0
2020-03-01T00:00:00,-3.9,6.7,2.7,0,0
2020-03-02T00:00:00,4.4,14.4,2.9,0,0
2020-03-03T00:00:00,9.4,15,2.7,6.6,0
2020-03-04T00:00:00,7.2,13.3,4.6,0,0
2020-03-05T00:00:00,3.9,10.6,2.4,0,0
2020-03-06T00:00:00,2.8,7.2,3.4,9.4,0
2020-03-07T00:00:00,2.2,8.9,3.4,0,0
2020-03-08T00:00:00,1.7,15,3,0,0
2020-03-09T00:00:00,8.3,22.2,3.3,0,0
2020-03-10T00:00:00,12.2,18.3,3.4,0,0
2020-03-11T00:00:00,6.1,13.9,2.1,0,0
2020-03-12T00:00:00,6.1,10,2.3,0.8,0
2020-03-13T00:00:00,7.2,21.1,3.9,6.6,0
2020-03-14T00:00:00,6.1,13.9,3.3,0,0
2020-03-15T00:00:00,4.4,12.2,2.8,0,0
2020-03-16T00:00:00,0.6,7.2,4,0,0
2020-03-17T00:00:00,5,12.2,1.9,4.1,0
2020-03-18T00:00:00,5,12.2,2,0,0
2020-03-19T00:00:00,5,11.1,2.1,23.6,0
2020-03-20T00:00:00,8.3,25,2.6,0,0
2020-03-21T00:00:00,4.4,18.3,3.5,0,0
2020-03-22T00:00:00,0.6,7.2,4.5,0,0
2020-03-23T00:00:00,2.2,5,4.1,29.5,0
2020-03-24T00:00:00,2.2,12.8,3,0,0
2020-03-25T00:00:00,4.4,7.2,4.4,0.3,0
2020-03-26T00:00:00,3.3,15.6,2,0,0
2020-03-27T00:00:00,10,20.6,2.2,0,0
2020-03-28T00:00:00,6.7,12.2,3.3,11.4,0
2020-03-29T00:00:00,6.7,8.3,5.2,1.3,0
2020-03-30T00:00:00,5,11.1,2.1,1,0
2020-03-31T00:00:00,5,9.4,3,1.5,0
2020-04-01T00:00:00,3.3,13.3,3.4,0,0
2020-04-02T00:00:00,3.3,14.4,4.2,0,0
2020-04-03T00:00:00,7.2,11.1,3.9,3.3,0
2020-04-04T00:00:00,7.8,16.7,1.9,0.5,0
2020-04-05T00:00:00,8.3,18.3,1.1,0,0
2020-04-06T00:00:00,9.4,18.9,2.6,1.8,0
2020-04-07T00:00:00,11.1,20,1.7,0,0
2020-04-08T00:00:00,9.4,17.8,1.7,5.1,0
2020-04-09T00:00:00,6.1,15,3.5,3,0
2020-04-10T00:00:00,0,0,0,0,0